-0.095404,0.044104,-0.064391,0.004692,-0.07479,0.077099,0.097497,-0.168782,-0.008137,0.023927,0.056001,0.028689,-0.042949,0.044599,-0.060205,-0.192692,-0.134179,-0.033723,-0.047443,0.056055,-0.18613,-0.061419,0.050303,-0.042864,-0.012299,-0.007099,-0.031196,0.011551,-0.009237,0.044627,-0.010756,-0.075019,-0.003791,0.085054,0.125919,-0.066724,-0.065981,0.003966,-0.001026,0.104111,-0.053339,-0.056476,-0.016752,-0.073029
-0.052225,0.125981,0.144736,0.366377,0.032252,0.195301,0.184988,0.361535,0.166032,0.108622,0.128478,0.346328,0.117512,0.013402,0.076519,0.203363,0.174492,0.073531,0.016074,0.210712,0.08963,-0.047045,0.003774,-0.056414,-0.04481,0.07893,0.026026,0.060019,0.01242,0.039757,0.248012,0.01041,0.141266,0.061458,0.095143,0.02166,0.111295,0.238798,0.025793,0.058371,0.012775,0.166025,0.128679,0.230273
0.084075,-0.206977,-0.098567,0.027511,-0.037415,-0.055267,0.798427,0.089962,0.009593,-0.041524,-0.343311,-0.061861,0.024769,-0.080021,-0.097717,0.032376,-0.036582,0.109188,-0.046843,-0.11377,-0.179854,0.0088,-0.085964,-0.072983,-0.136696,-0.079144,-0.048242,-0.073148,-0.128162,-0.056649,-0.037988,-0.030263,-0.038943,-0.096762,-0.044287,0.009908,-0.084782,-0.091516,-0.041078,-0.157617,-0.038931,-0.138436,-0.050271,-0.028516
0.00733900000000001,0.088639,0.124948,0.212418,0.012563,0.07432,0.144466,0.125567,0.033048,0.034354,0.069907,-0.011283,0.065397,-0.074756,0.029282,0.00164,-0.036929,0.085656,-0.028927,-0.008323,-0.088333,-0.072284,-0.090507,0.00819400000000001,-0.085975,-0.083569,0.065507,0.053647,-0.009126,-0.014876,0.009507,0.02549,0.050677,0.059407,0.038774,0.137282,0.064656,0.09198,0.130453,0.003093,0.004715,0.154223,0.148067,0.019321
0.007501,0.179559,0.120524,-0.059108,-0.041089,-0.049653,0.328841,-0.095192,0.00594500000000001,0.095838,0.404183,-0.06852,-0.160486,0.061804,0.162672,0.120458,0.0831,-0.107113,0.176693,0.263741,0.186412,0.087684,0.00563,0.039922,0.127414,-0.192163,0.079262,0.023736,0.08544,0.05347,0.194489,-0.006546,0.080727,0.251716,0.08373,-0.041913,0.08532,0.251008,0.293475,-0.145987,0.044368,0.07539,0.070628,-0.044727
-0.018479,-0.021703,0.015142,-0.314634,-0.016568,0.019865,0.02122,-0.05546,-0.24091,-0.024923,0.032809,0.108641,0.055609,-0.092766,-0.078106,0.075981,0.039415,-0.000123000000000001,-0.111701,-0.067137,-0.018886,0.010975,-0.117021,-0.132875,-0.06068,-0.014271,-0.005022,-0.092454,-0.082261,-0.008739,-0.006176,-0.052667,-0.074694,-0.05617,-0.028287,0.03862,-0.045287,-0.080699,-0.044179,0.021459,-0.002858,-0.00511299999999999,-0.067439,-0.044282
-0.011177,0.132592,0.004898,0.018219,0.023305,0.020139,0.121675,-0.108167,0.095428,0.036451,0.03925,0.032137,-0.027638,0.054487,0.018055,0.018068,-0.053198,0.033757,0.057009,0.023752,-0.066964,-0.027212,0.031393,-0.066665,-0.019544,0.002553,0.010302,0.052667,-0.046634,-0.008052,0.045996,0.015429,0.061628,-0.048798,0.036606,0.006774,0.069983,-0.024274,-0.023197,0.124514,0.032256,0.073352,-0.048425,0.007199
-0.011879,-0.101036,0.006934,-0.0187,-0.084981,-0.025182,-0.073398,0.201413,0.126351,-0.015766,-0.010814,0.099955,0.144364,-0.028778,0.030049,0.069205,0.077595,0.137977,-0.021008,0.070498,-0.021584,0.091145,0.003,-0.038501,0.05167,0.030957,-0.038204,0.013084,-0.048205,0.038065,-0.019633,-0.119226,0.084246,0.222433,-0.039879,-0.111399,0.022131,0.127811,0.155044,-0.026031,-0.045762,0.000784000000000007,0.055094,-0.098346
-0.023607,0.09849,0.102994,-0.239769,0.159444,0.128286,-0.068753,-0.085341,0.014906,0.010066,0.045037,-0.028862,-0.062724,-0.025701,0.037239,-0.073509,-0.020381,-0.007733,-0.088965,-0.006043,0.002325,-5.49999999999995e-05,0.032745,0.059404,0.079959,0.049578,-0.108906,0.037709,0.093903,0.025609,0.002551,0.008792,0.154928,0.105155,0.055192,-0.070157,0.056335,0.080477,0.013506,0.008721,-0.008646,0.042914,0.040138,0.032706
-0.111893,-0.166505,-0.050823,0.027491,-0.033203,-0.045947,0.03124,0.018595,0.041624,-0.046094,0.026918,0.072131,-0.04564,-0.082041,0.0468,0.01207,0.0313,-0.023766,-0.086487,0.068854,0.102514,0.050535,-0.042092,0.062285,0.182884,-0.320368,-0.021751,-0.003829,0.052073,0.00683,0.353393,-0.031446,-0.023266,0.039127,0.071439,0.085073,0.03126,-0.007604,0.149152,0.095628,0.020982,0.120986,0.093197,-0.013557
0.005181,0.031528,0.117977,0.118401,-0.013263,0.052168,0.002644,0.10846,0.100744,0.04808,0.0486,0.031793,0.143847,0.052177,0.107076,-0.061169,0.020364,0.052233,0.092499,0.012908,-0.060572,0.02095,0.066458,-0.090847,-0.02462,0.064266,0.047998,0.067348,0.008929,0.094335,0.155486,0.084875,0.019032,0.116634,0.144214,0.036436,0.179514,0.125633,0.290269,0.11444,0.0934,0.177969,0.211069,0.098993
-0.058271,-0.040091,0.313531,-0.112896,0.014391,0.239692,0.117488,0.029757,0.035508,-0.030759,0.029515,0.042325,0.14768,0.020531,0.11236,0.156918,0.071289,-0.097573,0.08755,0.135209,0.052971,-0.00724,0.075224,-0.127643,-0.21399,0.131552,0.052309,0.087211,-0.33058,-0.007908,0.027152,0.097822,0.05994,0.066874,0.357718,0.040335,0.168962,-0.00279700000000001,-0.08151,0.324754,0.067007,-0.163724,0.085425,-0.157299
-0.031497,-0.005288,-0.06942,-0.019177,0.018648,-0.133077,-0.070124,-0.010112,-0.033578,0.007983,-0.115185,0.02298,0.025912,0.030334,0.020607,-0.005052,0.028048,0.129169,0.030216,0.036,-0.054293,0.056137,0.118164,-0.012853,0.125471,-0.053128,0.00414600000000001,-0.02023,0.074102,-0.050693,-0.057387,-0.051707,-0.095453,-0.006066,-0.050259,-0.047721,-0.041802,0.018883,-0.008941,-0.040633,-0.033718,-0.014623,0.020302,-0.026706
0.102535,0.046908,0.05738,-0.166299,0.00806,-0.091616,0.044926,-0.002269,-0.082886,-0.084537,-0.006689,0.078148,-0.075568,-0.042232,0.020284,0.035534,0.003428,-0.036174,-0.056643,-0.06731,0.035222,0.077864,0.003074,0.010146,0.003805,0.049469,0.015114,0.062266,0.049892,0.051365,-0.110541,-0.005075,-0.021836,0.032353,-0.001316,-0.090239,-0.053283,-0.064711,0.139649,-0.064552,0.013925,0.032165,-0.034404,-0.194198
0.171137,0.20458,0.166625,0.150954,0.290217,0.258621,0.024925,0.171956,0.245932,0.16306,-0.024915,-0.025802,-0.050576,0.1252,-0.045206,-0.199315,-0.060504,0.005103,0.131265,-0.273286,-0.178021,-0.011353,0.109595,-0.226849,-0.22396,-0.007282,0.135846,0.079457,-0.213611,-0.047882,0.10238,0.148279,0.057687,-0.119928,0.003311,0.230262,0.133743,0.048423,0.238446,0.402326,0.33731,0.235646,0.317199,0.458882
0.020258,0.058766,0.036923,0.291741,0.020512,0.017759,-0.048152,0.072475,-0.491586,0.13485,-0.051653,0.07964,-0.043616,-0.044092,0.160668,-0.088588,-0.071712,0.061606,0.015497,-0.035008,-0.059391,0.151462,0.046607,-0.114451,-0.122074,-0.020399,-0.075065,0.128149,-0.097748,-0.108586,0.07001,0.176212,0.129951,-0.051553,-0.016676,0.093897,0.246072,0.04849,-0.03846,-0.060091,0.099782,0.099325,0.05165,0.060657
0.104592,0.017702,-0.100582,0.033922,0.051998,0.070114,0.219799,0.12866,-0.036122,0.134076,0.111993,-0.155007,-0.127291,-0.035048,0.030662,-0.113323,-0.086107,0.01831,0.044687,0.197236,0.066784,0.100787,-0.102156,0.203655,0.10212,0.039048,0.0919,-0.076144,-0.047965,-0.104327,0.025474,0.042207,0.036184,-0.188644,-0.033282,0.31973,0.058542,-0.078185,0.123963,-0.006825,0.189021,-0.038721,0.07859,0.013119
0.030166,0.062398,-0.033182,0.019544,0.012224,-0.067799,0.00844200000000001,9.00000000000033e-06,-0.076649,-0.049834,-0.048111,-0.030082,0.000207000000000001,0.000443000000000002,-0.064655,-0.008547,-0.051098,0.042244,-0.050609,0.015891,-0.08115,-0.041325,0.000330999999999998,-0.03843,0.026115,0.00514,-0.005313,-0.017147,0.020693,0.00837,-0.038445,-0.021668,0.038004,0.054287,-0.023006,0.059096,-0.002676,0.031507,0.079778,-0.082772,0.059485,0.003604,0.051563,0.075539
0.02809,-0.054595,-0.024567,-0.071292,-0.01799,-0.05891,-0.134259,0.051086,0.108526,0.039064,0.071366,0.031918,0.048319,0.20969,0.1584,0.04221,0.007639,-0.071863,0.210703,0.187696,-0.035599,-0.122733,-0.029543,-0.046026,-0.12477,-0.003775,0.071966,0.005531,-0.008534,0.021189,0.027995,0.093595,-0.03625,0.050644,0.022801,0.049341,0.085261,-0.015106,0.178581,-0.119887,0.038886,-0.090823,-0.046109,-0.029817
-0.035996,-0.01511,-0.055473,-0.03955,-0.025383,-0.056575,-0.110416,-0.085816,-0.046117,-0.066063,-0.195153,-0.042322,-0.095269,0.019737,-0.032339,-0.018848,-0.027504,0.013691,-0.149098,-0.026079,-0.193297,0.043183,0.101235,0.156766,0.061426,0.00709,0.045849,0.035047,0.025464,0.098079,-0.040664,0.027753,-0.014098,0.091806,0.041943,0.024235,-0.060534,0.102255,0.001507,0.220516,0.048153,0.040749,0.013408,0.148515
-0.055468,-0.162055,-0.076617,-0.080595,-0.031964,-0.12999,-0.049534,-0.052434,-0.079386,-0.097757,-0.138034,0.015529,-0.05215,-0.102484,-0.169906,0.031014,0.047063,-0.003712,-0.008863,-0.08506,0.162818,0.068529,-0.028911,0.014566,0.042008,0.142674,-0.038121,-0.117305,-0.042045,-0.050332,-0.068925,-0.061208,-0.10735,-0.041527,0.083673,-0.03281,-0.104407,-0.164408,0.02926,-0.072341,-0.039238,-0.194105,0.042097,-0.11523
-0.075029,0.001012,0.038736,0.101903,-0.031775,0.013556,-0.203394,0.059885,0.038099,-0.108642,-0.097712,-0.135913,-0.059702,-0.036019,-0.030947,-0.184362,-0.119977,-0.188294,-0.079468,-0.149919,-0.129778,-0.156853,0.013943,-0.20185,-0.211716,-0.156049,0.003293,-0.026999,-0.236019,-0.201324,-0.222128,-0.073796,0.051366,-0.18648,-0.170087,-0.037339,0.047876,0.110426,0.023481,0.027133,-0.009417,0.22315,0.136372,0.106758
0.14893,-0.083048,-0.059061,0.077653,0.030115,0.00732000000000001,-0.133752,-0.077125,-0.053493,-0.068993,0.023355,-0.1355,0.007135,-0.008154,0.005928,-0.031404,-0.037598,0.114681,-0.026507,0.006422,-0.110892,0.050679,-0.072455,0.032289,-0.089324,0.144386,-0.102027,-0.032746,0.023816,-0.013682,-0.691243,-0.043,0.009019,-0.057309,0.051048,-0.027417,-0.127864,0.037142,-0.045821,-0.012794,-0.114378,-0.066198,-0.03026,0.06511
-0.086672,0.040293,0.013909,0.016001,-0.048413,-0.581584,-0.013609,0.015311,-0.048774,0.271449,0.787832,0.064702,-0.003539,0.028149,0.498474,-0.028486,-0.067957,-0.023575,0.032302,-0.090753,-0.235985,-0.097521,0.052858,-0.034492,-0.10831,-0.039429,-0.033339,-0.011952,0.030805,-0.002488,-0.04779,-0.04892,0.015925,0.014511,-0.052268,-0.018714,0.067737,0.062926,0.027097,-0.039607,0.078164,0.183015,0.019259,0.108343
-0.07518,0.00490600000000001,-0.05982,0.628521,-0.228747,-0.265403,0.00150499999999999,-0.119134,2.06417,-0.137475,0.033038,-0.057237,0.002803,-0.154853,-0.065194,-0.091665,-0.00348,-0.035981,-0.079465,0.006713,-0.08593,-0.104899,-0.15231,0.095042,0.02903,0.146975,-0.168541,-0.088433,0.08966,-0.00500300000000001,-0.018162,-0.106001,0.025454,0.291194,0.067872,-0.187636,-0.073999,0.07387,0.000968999999999998,-0.031234,0.005982,0.018187,0.106829,0.281255
0.113585,0.050204,0.068644,0.090388,0.08999,0.119184,0.066238,0.268078,0.282628,0.194924,0.142464,0.176533,0.150238,0.174057,0.158524,0.288878,0.138328,0.136198,0.137981,0.089857,-0.032829,0.092075,0.08107,0.055666,0.054769,0.148119,0.179947,0.082426,0.020282,0.015732,0.210455,0.307602,0.123542,-0.000440999999999997,0.061934,0.137258,0.256659,0.227538,0.011322,0.045734,0.142157,0.269632,0.143239,0.258658
0.028807,-0.003102,0.078604,-0.250995,0.044403,-0.036215,-0.019935,-0.027544,0.034096,-0.029043,0.003346,-0.103858,-0.06669,-0.121805,-0.011662,0.033787,0.032814,-0.023132,-0.058081,0.055173,0.084278,0.124386,-0.036293,0.09536,0.092809,0.10726,-0.152919,-0.056389,0.051574,0.07953,0.032641,-0.064967,-0.001011,-0.008972,-0.056558,-0.020485,-0.088281,0.007295,-0.150941,-0.019067,-0.018338,0.028279,-0.107355,-0.245132
0.055592,0.048991,0.098435,-0.020413,0.005732,-0.012284,0.07521,0.083693,0.025713,0.022673,0.04631,0.092951,0.076904,0.095469,0.09999,0.01812,0.001984,0.082484,0.17954,0.005278,-0.044972,-0.015382,0.094089,-0.046694,-0.169728,-0.059725,-0.029994,-0.037248,-0.084007,-0.060961,0.012105,-0.034336,-0.022262,0.021298,0.074856,-0.000662,-0.003395,0.190984,-0.004913,0.010896,-0.017153,0.020868,-0.000730000000000008,-0.082579
0.073971,0.158043,0.024305,-0.003788,0.13123,0.057283,0.140845,0.143172,0.032875,0.07803,0.119993,-0.023067,-0.019805,0.061916,0.085492,0.014508,-0.037212,-0.005525,0.044933,0.019682,0.079043,0.119877,0.001131,0.090664,0.043789,0.016984,0.028556,0.072975,0.059927,-0.096435,0.035866,0.040621,0.082197,-0.100274,-0.127627,0.004454,0.016056,0.059706,-0.035848,0.062523,0.04641,-0.016623,-0.097467,-0.230447
-0.037493,-0.170587,-0.117553,-0.0917,-0.059844,-0.012667,-0.143955,-0.07207,-0.12781,-0.155314,-0.072459,0.013983,-0.019034,0.073418,0.021719,0.049841,-0.109954,-0.050494,-0.174886,-0.030723,0.043349,0.092188,0.04201,0.207037,0.064443,0.099098,0.017877,0.174844,0.130427,-0.13986,0.005108,0.023222,-0.062845,0.082309,-0.03262,0.064696,0.035839,0.038166,0.051797,0.047036,0.047633,0.016881,0.022236,0.04048
0.001698,-0.015858,0.034877,0.081885,-0.026774,-0.009839,-0.07805,0.004489,0.099245,-0.075866,0.097077,-0.024663,0.117684,0.004622,0.10521,0.020544,0.078118,-0.109834,0.048275,-0.070341,0.062574,0.114722,0.068128,-0.000979000000000001,0.084175,0.068633,0.058298,-0.010557,-0.092265,0.033483,-0.00107,0.021099,-0.035142,-0.051257,-0.006555,-0.035918,-0.040988,-0.068416,-0.024419,0.053531,-0.008865,-0.024861,-0.012134,-0.042556
0.025445,-0.021546,-0.041525,-0.097912,-0.044926,-0.024532,0.078763,0.068069,-0.133321,-0.10386,-0.026757,0.064618,0.143144,-0.043948,-0.039017,0.00795,-0.007391,0.033612,-0.112392,-0.139466,-0.133723,-0.031676,-0.126036,-0.079732,-0.13623,-0.122211,-0.088274,-0.098489,-0.054759,-0.130345,-0.12023,-0.069873,-0.125159,-0.13569,-0.150521,-0.056524,-0.093416,0.014822,-0.076964,-0.061929,-0.170292,-0.193404,0.043126,0.011035
-0.08734,0.03617,-0.044868,-0.373387,0.028312,0.044429,-0.061556,-0.283215,-0.225759,0.030149,0.052102,-0.171464,0.04853,-0.0466,0.093334,0.027257,-0.06436,0.016696,0.03722,0.225678,-0.01373,0.004052,-0.028631,-0.000681000000000001,0.03266,-0.192035,-0.037456,0.039985,0.068209,-0.041031,-0.122236,-0.068913,-0.002791,-0.067235,-0.290966,0.001136,-0.08016,0.029332,-0.055662,-0.272573,-0.103843,-0.080764,-0.159825,-0.108774
0.067119,-0.031053,0.036914,0.051749,0.196643,0.087447,-0.049727,0.117641,0.083091,0.173824,-0.001316,0.234042,0.064708,0.278421,0.117722,0.131692,0.120537,0.107935,0.213032,0.125719,0.068092,0.067901,0.123845,-0.030898,-0.027925,0.064058,0.160909,0.125073,0.030975,0.060983,0.149493,0.098717,0.12603,0.090387,0.109188,0.086865,0.072124,0.116843,0.12591,0.028624,-0.004473,0.002598,0.134359,0.063033
-0.081367,-0.12266,-0.0801,-0.038851,0.033698,-0.127693,-0.125331,-0.05994,-0.040592,-0.033633,-0.087316,-0.058811,-0.037707,-0.061474,-0.04808,-0.078444,-0.113586,-0.047178,-0.056846,-0.071523,-0.091508,-0.07487,0.007715,-0.052683,-0.069024,-0.092517,0.004572,-0.019923,-0.059696,-0.083515,-0.042874,0.006225,-0.056969,-0.119047,-0.037555,-0.00035,-0.026876,-0.077737,-0.081106,-0.006472,-0.038437,-0.104105,-0.077377,-0.019343
0.06264,-0.020374,0.037111,0.056346,0.101251,0.036633,0.161701,0.009309,0.037003,0.108955,0.188668,0.19754,0.003198,0.196335,0.29647,0.319969,0.117596,0.170774,0.243143,0.478362,0.286198,0.086621,0.107077,0.228061,0.302117,1.253673,0.040148,0.041402,0.220138,0.120717,-0.095671,0.039261,0.054123,-0.00460199999999999,0.158298,0.073926,0.011741,0.064724,0.117578,0.0141,0.06982,0.152063,0.143232,0.125051
0.125695,-0.02619,-0.011263,0.218184,0.02854,0.175612,-0.096374,0.136033,0.358621,0.110641,0.040351,0.078468,0.173662,-0.079584,0.081248,0.079515,0.045182,0.124699,0.123986,0.057504,-0.080485,-0.1191,0.008841,-0.126094,-0.129855,-0.040633,0.051329,0.006693,0.003562,-0.052537,-0.015526,0.109561,0.017832,0.052992,-0.053101,0.114226,0.067672,-0.001191,-0.017354,0.146816,0.141025,-0.036274,0.211675,0.076285
-0.006794,0.029004,-0.161176,-0.128299,-0.002522,-0.084092,0.05985,-0.113646,0.002445,-0.151573,-0.173491,0.225144,-0.021806,0.003386,-0.127603,0.001054,-0.076135,-0.084722,0.002779,-0.148786,-0.261653,-0.142558,-0.08773,-0.049136,-0.150879,0.025763,-0.089472,-0.12325,-0.093732,-0.121055,0.034477,-0.085611,-0.084605,-0.103973,-0.102592,-0.007641,-0.076997,-0.107675,-0.182338,-0.184421,-0.075093,-0.047668,-0.102184,-0.14076
-0.084613,-0.014885,-0.001052,-0.027826,0.057496,-0.026329,-0.123348,-0.108842,0.02527,-0.026281,0.034916,0.073006,-0.110161,0.024476,0.040048,0.052533,0.041684,0.078087,-0.016927,-0.030451,0.013248,-0.056893,-0.120573,0.01569,-0.038741,-0.011646,-0.101736,-0.044166,0.038125,-0.022813,-0.044634,-0.04136,-0.078189,-0.052636,-0.056151,-0.025536,-0.060657,-0.06635,-0.044614,-0.008915,0.100081,-0.098212,-0.028474,-0.075229
0.203229,0.11044,0.027101,0.171268,0.127699,0.069871,0.187237,0.147444,0.208919,0.033063,0.139221,0.081705,0.00823,0.082461,0.052835,-0.117158,-0.111883,-0.033616,-0.014978,-0.117331,-0.123184,-0.134496,-0.08611,0.004526,0.000592999999999996,0.119533,0.111333,0.135241,0.041505,-0.05344,0.167961,0.157048,0.24811,0.155907,-0.013104,0.132446,0.30149,0.014096,0.233027,0.196983,0.122125,0.247422,0.130202,0.282683
0.054176,-0.043678,-0.106135,-0.071475,0.015048,-0.074843,0.008649,-0.002232,-0.131066,-0.100397,-0.07851,-0.043337,0.02326,0.587725,-0.088978,0.334016,-0.054713,0.018783,0.246058,0.786135,-0.449987,-0.063398,-0.008255,-0.075281,-0.070731,-0.018965,0.023727,0.018704,0.102811,-0.009273,0.099987,0.049373,0.03392,0.087841,0.035137,-0.083627,0.040057,0.07306,0.067917,-0.001314,-0.01076,0.035606,0.135169,-0.083102
-0.013862,0.03496,-0.057913,0.030762,-0.063662,0.023591,-0.029828,0.022615,0.156542,-0.038377,0.032448,-0.036094,-0.046393,-0.049445,0.053434,0.933278,0.217185,0.037404,0.002642,0.389045,-0.397586,-0.150433,-0.218439,0.081077,0.084009,-0.017853,-0.133777,-0.028438,0.074091,0.072439,0.024454,-0.053955,-0.077248,0.034481,0.101353,0.089317,-0.080582,0.139252,-0.034342,0.2783,0.018004,-0.03397,0.022729,0.095289
0.301612,0.168337,0.068581,0.197353,0.261176,0.153644,0.036331,0.049521,0.093085,0.160432,0.022724,-0.01745,0.083602,0.125216,0.070295,-0.060414,-0.340974,-0.049297,0.144887,-0.21187,-0.260862,-0.319014,0.125147,-0.352422,-0.445029,-0.253866,-0.066194,-0.033504,-0.092662,-0.144081,-0.059994,0.13649,0.042108,-0.144642,-0.026903,0.125766,0.173025,0.1053,0.060834,0.086978,0.248171,0.105467,-0.001156,0.097929
-0.017094,-0.03197,0.060129,0.474289,-0.081106,-0.020621,-0.032713,0.018116,-0.307324,-0.061285,0.005598,0.04386,-0.018311,-0.072973,0.004774,0.091151,0.027824,0.025455,-0.003536,0.091102,0.051016,0.004528,0.000174999999999995,-0.019866,0.014803,0.037366,-0.106436,-0.040115,-0.002192,-0.028304,0.057982,-0.089563,-0.055612,-0.033859,0.00590500000000001,-0.075458,-0.009533,-0.075983,-0.031239,0.065631,-0.019997,-0.064926,-0.095722,-0.053734
0.02484,0.000603999999999993,0.032111,0.025773,-0.017441,-0.014489,0.173368,0.017288,-0.064356,0.03897,0.046229,0.10224,0.00638,0.041404,0.025945,0.059513,0.052751,0.034375,0.048402,-0.029655,0.066459,0.023883,0.11546,-0.081683,0.198512,0.088029,0.210726,0.019222,0.033655,0.092605,0.020869,0.035042,0.134903,0.103038,-0.008204,0.033408,0.040168,0.023651,0.046394,0.087055,-0.058892,0.017491,0.053281,0.11598
0.197312,0.199566,0.078663,0.05562,0.127376,0.216455,0.099417,0.093671,0.272924,0.191987,0.179111,0.04497,0.088351,0.073284,0.015208,0.030414,0.01242,0.329745,0.004821,-0.134328,-0.100253,0.184107,-0.030039,-0.362791,-0.022773,0.076834,0.047201,-0.042588,-0.069171,0.079061,0.080484,0.062808,0.093381,0.035674,0.056002,0.067238,0.13234,0.14957,0.10752,0.105134,0.167313,0.12469,0.046391,0.169406
0.092127,-0.038046,-0.112443,-0.067641,0.095455,-0.018211,-0.093256,-0.081892,-0.162215,0.0543,-0.141177,-0.178893,-0.200607,0.036639,0.011223,0.041375,-0.13547,0.018277,-0.012217,-0.186534,-0.162404,-0.199311,-0.007359,-0.129749,-0.145753,-0.047815,-0.049471,0.059679,-0.051332,-0.076744,-0.074453,0.029411,0.030146,-0.082677,-0.05684,0.007351,-0.00821200000000002,0.009447,-0.007512,-0.005502,0.070924,0.07675,-0.046462,0.052254
0.096255,0.060918,-0.000903000000000001,0.063518,0.124405,0.092279,0.098319,0.000147999999999995,0.131461,0.085901,0.045615,0.057165,0.046564,0.092824,0.054377,0.050444,0.030455,0.001177,0.08979,0.064471,0.045545,0.061755,0.041769,0.016261,-0.026562,0.002078,-0.002721,0.016263,-0.012884,0.028256,0.065198,0.025328,0.033558,0.003118,0.030021,0.10009,0.008968,-0.040787,0.048065,0.023508,0.04959,0.001059,-0.030262,0.038884
0.11364,0.110895,0.046737,0.015311,0.050052,0.092552,0.099903,0.205185,0.085131,0.010149,0.15483,0.121113,0.172678,0.066989,0.074518,0.130936,0.037746,0.102583,0.071245,-0.007557,0.005083,0.043377,0.015663,0.042333,-0.050748,-0.003853,0.019279,-0.022927,0.096213,0.045775,-0.01479,-0.076475,0.01671,0.026704,0.041278,0.041077,-0.134749,0.141732,0.068796,-0.052807,0.023419,-0.022203,0.120036,-0.002296
-0.044905,-0.042036,-0.060483,0.001445,-0.038811,-0.007444,-0.071413,-0.095448,-0.094093,-0.056708,-0.010538,-0.088438,-0.093142,0.021184,0.002119,-0.074113,-0.100352,0.000142999999999997,0.028206,-0.119392,-0.1959,-0.206408,-0.010764,-0.129426,-0.069131,-0.084044,-0.005982,-0.01859,-0.044956,-0.067443,-0.047714,0.026118,-0.013597,-0.070578,-0.002446,-0.021916,0.099372,0.020525,-0.009132,0.046616,0.021563,0.020633,0.034435,0.014083
0.218643,0.249038,0.071611,0.257066,0.167866,0.296096,0.051479,0.000743,0.132656,0.229407,0.071331,0.046903,0.036407,0.089966,0.113506,0.113776,0.139538,0.171865,0.073908,0.049887,0.269853,0.157304,0.20379,0.133476,0.119943,0.222977,0.041132,0.192879,0.072922,0.002663,0.135784,0.193715,0.314383,0.078658,-0.035387,0.152362,0.302412,0.219946,0.149355,0.187457,0.260224,0.147582,0.1033,0.14185
0.132533,0.023256,-0.021922,0.105546,-0.047006,0.070952,0.020731,0.028737,0.119665,-0.014709,0.005807,0.058872,-0.000282000000000001,-0.007098,0.01309,0.014482,0.025599,0.041002,0.004878,0.027886,-0.046692,-0.043389,0.044393,-0.155145,-0.247588,-0.142469,0.001382,-0.03187,-0.092751,-0.097086,0.038924,-0.007105,-0.001689,0.019834,-0.009799,0.017224,-0.018801,0.033795,-0.015336,0.107602,-0.000553999999999999,0.11836,-0.019925,0.088223
-0.04876,-0.102413,0.070942,0.002518,-0.117212,-0.079626,0.138444,0.04895,-0.011345,-0.118222,0.051706,0.136329,0.04655,-0.19032,-0.009754,-0.154554,-0.023117,-0.115818,-0.093199,-0.199628,-0.196716,-0.085718,-0.067009,-0.331208,-0.247346,-0.066519,-0.090197,-0.035947,-0.346532,-0.10802,-0.098203,-0.080435,-0.038556,-0.023844,-0.042115,-0.059557,-0.103891,-0.027027,-0.030827,0.070325,-0.026961,0.036575,-0.066843,0.058898
-0.064517,0.010023,-0.006617,-0.069484,0.015417,0.002003,-0.185423,-0.022424,-0.287848,0.059091,-0.156718,-0.163722,-0.184372,-0.063263,0.006987,-0.078604,-0.253413,-0.116738,-0.07488,-0.311262,-0.343179,-0.190217,0.04158,-0.15576,-0.142967,-0.334102,-0.030211,-0.00257199999999999,-0.154128,-0.15147,-0.189989,-0.053768,-0.286742,-0.223313,-0.071561,-0.11438,-0.194753,-0.160312,-0.092702,-0.27502,-0.126261,-0.240681,-0.06881,-0.174184
-0.020445,-0.053887,-0.024867,-0.010258,-0.023094,-0.04467,-0.012312,-0.037646,-0.012676,0.018717,0.005814,0.015657,-0.002839,-0.006976,0.027991,0.008973,-0.018997,-0.01248,0.006312,0.009803,0.085373,-0.034984,0.133216,0.019489,0.047867,-0.033985,0.003337,-0.059208,-0.013246,0.001461,-0.047322,-0.009665,-0.013123,-0.004562,-0.024418,-0.059669,-0.044954,-0.04693,-0.005281,-0.004686,-0.042157,-0.06179,0.033105,-0.041944
-0.142617,-0.081524,-0.080307,0.004526,-0.118319,-0.390467,-0.030894,-0.102087,-0.098519,-0.074487,0.008366,-0.011336,-0.063585,-0.109496,-0.062317,-0.00127000000000001,-0.088084,0.017743,-0.193995,-0.2029,-0.261032,-0.171712,-0.080065,-0.161242,-0.503983,-0.208597,-0.018486,-0.107668,-0.401926,-0.303646,-0.102735,-0.151265,-0.085462,-0.048342,-0.093239,-0.130425,-0.036464,-0.06512,-0.015313,-0.053358,-0.173527,-0.121362,0.037678,-0.213583
-0.05466,-0.012225,0.000499000000000013,-0.012543,-0.106667,-0.033828,-0.028694,0.104645,0.033697,-0.159089,0.000548,-0.005107,0.198715,-0.032574,-0.088262,-0.052602,-0.122124,-0.000406,-0.428925,-0.015976,-0.118978,-0.095358,-0.033796,0.040224,-0.01576,0.015601,0.004502,-0.020068,-0.011276,0.141722,-0.009682,-0.141671,-0.042739,0.031,0.005932,-0.146205,-0.071381,0.036906,0.035918,0.03087,-0.049078,-0.135561,0.012951,-0.024246
-0.040292,-0.144076,0.055595,0.121637,-0.036492,0.039747,0.136796,0.089418,0.028146,0.033499,0.041902,0.169923,0.064876,-0.01551,0.048322,0.106169,0.103932,0.055332,-0.033999,0.28823,-0.176926,0.047517,0.064108,0.019223,0.130318,0.032562,-0.018423,0.015628,0.099136,0.073717,0.049755,0.05341,0.07436,0.071706,0.058237,0.052664,0.084882,0.00339,0.006261,0.015343,0.093494,0.050248,-0.019029,-0.084527
0.157331,0.24935,0.195865,-0.543374,0.26781,0.239611,0.158395,0.230726,-1.019969,0.303985,0.225885,0.133904,0.00258,0.194316,0.145985,-0.057045,0.033583,0.05388,0.183671,-0.079121,0.016618,0.203977,0.068493,-0.039915,-0.096497,0.122128,0.103994,0.213137,0.061121,0.088153,0.088366,0.195363,0.107754,0.044738,0.492796,0.077233,0.307245,0.113136,0.1171,0.052958,0.161015,0.358334,0.051976,0.015404
0.081909,-0.076263,-0.145811,-0.039537,0.044122,-0.045541,-0.035842,-0.006033,-0.098179,0.019009,0.013584,0.201584,0.092547,0.031216,0.00847,0.285038,0.17347,0.004424,-0.007298,0.184033,0.191982,0.027561,0.02683,0.077319,0.042007,-0.086908,0.24542,-0.030988,0.090378,-0.051483,-0.026386,0.007604,-0.071055,0.001963,-0.04471,-0.022115,0.004688,0.021009,-0.009968,-0.095723,-0.092889,0.014876,-0.060678,-0.060468
-0.045641,-0.021687,0.105588,0.044474,-0.033907,0.233206,0.252239,0.086597,0.388598,0.052454,0.0398,0.167678,0.122193,-0.060984,0.028025,0.295478,0.32855,0.057128,-0.146742,0.339925,0.286296,0.099738,-0.036323,-0.071333,0.166993,0.052317,-0.146982,-0.06221,0.081618,0.015665,-0.015881,0.069245,0.013518,0.087097,-0.020905,0.1397,-0.061224,-0.059109,0.0703,0.260104,0.103201,-0.029494,-0.068841,-0.062134
-0.011481,0.07769,-0.035891,-0.02983,-0.020344,0.028751,0.075274,0.02701,-0.151354,0.00739,-0.076349,-0.044427,-0.012575,0.062727,0.045686,0.139832,0.065237,0.062537,0.046172,0.185782,0.36881,0.020235,0.020202,0.051922,0.012527,0.022986,-0.105068,-0.012872,0.018457,-0.023527,-0.019108,-0.015422,-0.036506,-0.153588,-0.154908,0.038319,0.039331,-0.185447,-0.127435,-0.016345,0.055345,-0.004048,-0.108762,-0.034371
0.046772,-0.162563,0.104855,-0.1911,-0.099004,-0.173337,-0.048503,-0.060757,-0.457509,-0.031411,-0.119981,0.036721,-0.137261,-0.038264,-0.023921,-0.007746,-0.002853,-0.011964,-0.000237000000000001,-0.017026,0.002682,0.047559,-0.022723,0.044295,0.117251,0.031508,-0.116277,0.008883,0.061032,-0.045323,0.105976,-0.034735,-0.112048,0.021041,-0.049078,-0.227012,-0.009867,-0.145831,-0.044266,-0.177483,-0.062458,-0.104666,-0.192541,0.01076
0.044436,0.037201,0.034855,-0.183012,-0.057967,0.115529,0.030796,-0.069991,-0.019525,-0.098977,0.043026,0.053654,-0.036633,-0.044057,-0.069077,0.432402,0.037017,-0.027558,0.181512,-0.031249,0.19929,0.040065,-0.013193,0.08098,0.090265,-0.003773,0.032871,0.021345,0.05249,0.096548,-0.020657,0.102919,0.000187000000000007,0.026574,0.081019,0.047628,0.027218,-0.119729,0.176937,-0.013218,0.071482,0.055828,0.163217,0.319877
-0.00433,0.008037,-0.015795,-0.544306,-0.00344,-0.003549,-0.028044,0.006407,0.210939,-0.004512,0.004597,-0.011963,0.06489,-0.107577,-0.02208,0.021964,-0.011363,-0.006989,-0.027471,-0.000765999999999999,-0.023625,-0.035976,-0.118811,-0.122094,-0.056944,-0.028068,-0.059104,-0.052895,-0.093528,-0.007703,-0.062589,-0.053685,-0.028866,-0.045452,-0.076983,0.007174,0.016189,-0.01229,-0.01399,-0.039281,0.0347,-0.007071,-0.006809,-0.008008
-0.192554,-0.04601,-0.250228,-0.167357,-0.21882,-0.195826,-0.107111,-0.185202,-0.079479,-0.212353,-0.188619,-0.149356,-0.206687,-0.071727,-0.149518,-0.024254,-0.359348,-0.071589,-0.184644,0.016453,-0.174126,-0.082996,-0.185762,-0.179061,-0.138239,-0.130272,-0.038043,-0.107219,-0.281844,-0.116105,-0.058658,-0.219996,-0.030657,-0.250033,-0.128119,-0.15714,-0.290719,-0.072623,-0.20338,0.067215,-0.180244,-0.210525,-0.147792,-0.010802
-0.021978,-0.095111,0.065204,0.328319,0.086751,-0.083776,-0.091479,-0.076047,-0.111814,-0.03396,-0.001327,-0.066603,-0.073464,-0.063143,-0.091115,-0.012233,-0.044877,-0.085159,-0.106058,-0.084014,0.016899,-0.039275,-0.11541,-0.055774,-0.020195,-0.037613,-0.073754,-0.107627,0.012942,0.045541,-0.021785,-0.073262,-0.03314,-0.104648,0.035411,0.067325,0.038539,-0.130736,-0.102841,-0.042518,0.03478,-0.054767,-0.101897,-0.14253
0.027242,0.081392,0.007512,0.043619,-0.150395,0.072261,0.041613,-0.070121,0.0787,-0.007136,0.060246,0.031564,-0.088951,0.128018,0.062312,0.015773,-0.039685,-0.019787,-0.046283,-0.007701,0.016877,-0.036838,-0.043314,-0.098813,-0.002626,-0.015561,-0.089666,-0.132025,0.015178,-0.044545,-0.003375,0.130228,-0.044521,-0.054553,-0.077266,0.140319,0.004835,0.039502,-0.010029,0.143192,-0.024388,-0.096106,-0.012692,0.037218
0.020643,0.054218,-0.00339299999999999,0.014029,0.017337,0.035809,-0.06589,-0.022699,0.025964,0.022147,0.038298,0.023841,0.098457,0.055615,-0.036095,0.001373,0.034216,0.065264,0.003427,-0.044073,0.008333,-0.018728,-0.022633,0.129238,0.064278,0.044524,-0.096527,-0.044493,0.020113,-0.016958,-0.009209,-0.028509,0.001911,-0.046158,0.096404,-0.015187,0.054556,0.051659,0.015073,0.060391,-0.032034,0.047858,-0.019908,-0.003372
0.088976,0.077471,0.103898,0.095173,0.037414,0.263092,0.116739,0.159787,0.232325,0.100794,0.102148,0.078836,0.098885,0.049952,0.05934,0.002008,0.048995,-0.000543000000000002,0.048883,-0.017947,0.017137,0.014253,0.029517,0.028665,0.07072,0.041542,0.020256,0.039668,0.010164,0.050045,0.00321,0.056326,0.155617,0.076889,0.006208,0.067744,0.280556,0.124893,0.202565,0.061582,0.132707,0.055819,0.111264,0.064744
0.062634,-0.022778,0.203774,0.078872,0.004808,0.043756,-0.094845,-0.001188,-0.111833,0.006471,0.020276,0.014123,-0.021219,0.012622,-0.083604,-0.043507,-0.020017,-0.028612,-0.007837,-0.104799,-0.095583,-0.039527,0.057646,0.030367,0.035348,0.03754,0.028082,0.115768,-0.011461,0.011113,0.105384,0.054892,0.022828,0.081429,0.064884,0.008059,-0.013553,0.105174,0.056295,0.003501,-0.00449,0.09566,0.041506,-0.069297
0.049073,0.056135,0.093148,0.006034,0.005408,0.085952,0.111397,0.020779,0.041151,0.06551,0.031587,0.028541,0.042502,-0.012694,0.069007,0.032222,0.063308,0.086895,0.003004,0.015426,0.004831,0.037064,-0.042695,0.048614,0.063551,0.03751,-0.013337,0.110331,-0.022094,0.063978,-0.012205,0.046599,0.007706,0.022036,0.0636,0.051693,-0.003267,0.098921,0.11997,0.11842,0.017482,0.047652,0.068644,0.071743
-0.027319,-0.025622,0.030137,-0.211642,-0.100802,-0.104604,-0.06278,-0.047582,0.208485,-0.090717,-0.018014,0.058907,-0.070489,0.010089,-0.065801,0.253368,0.052165,0.011012,0.000359999999999999,0.134417,0.176015,-0.021344,-0.03676,0.239782,0.097189,0.016453,-0.052524,0.091262,0.223712,0.131311,0.014484,-0.073047,-0.017584,0.021773,-0.126407,-0.152474,0.016078,-0.063797,-0.090077,-0.026791,0.021411,-0.074918,0.024951,0.082529
0.053795,0.050352,0.044254,0.336162,0.03467,0.080581,-0.013228,0.012698,-0.617743,0.081252,0.077737,0.069718,0.046926,0.03636,0.047989,-0.004068,0.001157,0.013269,0.064133,0.005869,-0.037624,-0.017257,0.024886,0.019364,-0.005058,-0.037493,0.020456,0.026041,0.014443,-0.052597,0.014617,0.015737,0.054298,0.025956,0.038355,-0.004966,0.031288,0.134385,-0.027686,0.024556,0.017236,0.095057,0.060847,-0.034343
0.008109,0.090518,-0.082395,-0.065518,0.079538,-0.041098,-0.02649,0.040365,0.004626,0.006181,0.029595,0.096464,0.055948,-0.016322,0.073286,-0.025003,0.116576,-0.029909,0.077712,0.031178,0.106673,-0.057112,-0.008779,0.099274,0.107088,0.016208,0.033039,-0.04856,0.162829,0.059525,-0.107823,0.053469,0.005397,0.104902,-0.10841,-0.073526,-0.108124,-0.075845,-0.008949,-0.095326,-0.034894,-0.065348,-0.064929,-0.084681
-0.023775,-0.11208,-0.148347,-0.106183,0.112418,0.00286599999999999,-0.096992,-0.148637,-0.112459,0.083613,0.047003,-0.117799,-0.123367,-0.030815,0.042941,0.042005,0.020148,0.096416,0.053096,0.057698,0.134204,0.080723,-0.054667,0.117553,0.464958,0.204652,0.040053,-0.101815,0.027821,0.198422,-0.011425,-0.066134,-0.092268,-0.055154,-0.154098,0.051005,-0.089633,-0.228679,-0.024542,-0.330817,0.011154,-0.029395,-0.14269,0.008342
0.070604,0.067818,0.114734,0.020819,0.124168,0.057083,0.02675,0.010195,0.033326,0.004994,0.084688,0.061196,0.031386,-0.048057,-0.003172,0.128061,0.107078,0.08562,-0.072723,0.222494,0.149986,0.06717,0.030827,0.187496,0.171553,0.142084,-0.053848,0.084771,0.062184,0.09167,0.069154,0.034813,0.010728,-0.005248,0.183777,0.039106,-0.00275,0.043365,0.061635,0.162139,0.034586,0.185769,-0.019441,0.043226
0.010159,-0.019169,0.139787,0.121765,0.045478,0.014635,0.094379,0.247731,0.030397,0.043372,0.043342,0.087093,0.11009,0.074728,0.066986,0.138165,0.108698,0.053832,0.023236,0.337202,0.225842,0.086522,0.128375,0.210926,0.099803,0.080539,0.041215,0.206016,0.151883,0.163344,0.10178,0.122726,0.157539,0.067354,0.27057,0.056846,0.131579,0.065815,0.161125,0.100066,0.00867,0.013418,0.117768,0.142833
-0.010544,0.052733,-0.015686,0.257633,0.033028,-0.042294,0.096254,0.12716,-0.145236,-0.123508,-0.067846,0.160222,0.086021,-0.002943,-0.046229,-0.096619,-0.056914,-0.016667,-0.018673,-0.00961000000000001,-0.226108,-0.070525,-0.056233,-0.077801,-0.06008,0.041457,-0.063086,0.041895,-0.036705,-0.08356,0.045355,-0.104749,0.074578,0.01031,-0.170116,-0.066927,-0.002128,-0.05477,0.073015,-0.173402,-0.053753,-0.109722,-0.139077,-0.080096
-0.057547,-0.018679,0.03728,0.097386,-0.035726,0.0019,-0.111348,0.09187,0.055411,-0.002853,0.025322,0.021161,0.011916,-0.021623,0.007445,-0.077887,-0.028901,0.077243,-0.009203,-0.103751,-0.057892,0.005069,0.01236,-0.131834,-0.096865,-0.066618,0.040133,0.053679,-0.092853,-0.055185,0.023351,0.03516,0.001984,-0.030198,0.036213,0.101167,0.035311,0.050466,0.004577,-0.027642,0.015842,0.032864,0.085036,-0.000227999999999999
-0.000914999999999999,-0.039851,-0.093811,-0.066565,-0.075517,-0.077824,-0.054211,-0.09253,0.085522,-0.089315,-0.120255,-0.168493,-0.173941,-0.04753,-0.098256,-0.175476,-0.093671,-0.017939,-0.063241,-0.35863,-0.291396,-0.014352,-0.056988,-0.181025,-0.076818,0.057432,-0.048291,-0.08242,-0.083566,-0.000957,-0.083955,-0.029574,-0.04702,0.023298,-0.054879,-0.036259,-0.030076,-0.128276,0.002806,-0.110941,0.017476,0.024624,-0.095867,-0.120207
0.044695,0.044819,0.009965,0.041766,0.033084,0.024018,-0.019599,0.028309,0.069328,0.049121,-0.027429,-0.011612,-0.013708,-0.000529,-0.01627,-0.061021,-0.005001,0.015822,-0.026765,-0.088753,-0.110037,-0.043986,-0.035884,-0.122327,-0.122848,-0.127453,-0.02609,-0.055265,-0.05888,-0.00486199999999999,-0.030298,-0.04622,-0.089824,-0.093765,-0.029089,-0.023744,0.01126,-0.008508,0.02545,0.025448,-0.021272,-0.023578,0.050769,0.136741
-0.052516,0.043286,-0.111078,-0.06607,-0.01095,-0.057061,-0.084225,-0.314437,-0.112956,-0.122106,-0.049138,-0.133201,-0.077827,0.145363,-0.017407,0.074807,-0.040043,-0.017001,-0.131259,0.441447,-0.068234,-0.006505,-0.023427,-0.165653,-0.247824,-0.177652,0.221699,0.025113,-0.039266,-0.189909,0.015721,-0.064944,-0.161571,-0.173899,-0.237362,0.032695,-0.057544,-0.051612,-0.256496,-0.065606,-0.091107,-0.013369,-0.019117,-0.094369
-0.06937,-0.068535,0.023206,0.033115,-0.00757099999999999,-0.025065,0.106662,0.058309,0.11999,-0.117085,0.045885,0.062217,0.033848,-0.008285,-0.10077,0.049598,0.052604,-0.059256,-0.028476,0.082211,-0.01577,-0.100882,-0.064126,0.014377,0.060271,0.069467,0.002286,0.035509,-0.016337,0.072734,0.021151,0.053294,0.02361,0.068365,0.014386,-0.109793,-0.015359,0.061454,0.04053,0.104011,-0.055831,-0.051823,0.055663,0.043772
0.098956,0.104541,0.223174,0.277857,-0.000205000000000004,0.122633,0.016655,0.130592,0.054399,0.02606,-0.097376,-0.106771,-0.051958,-0.015968,-0.001606,-0.213138,-0.106488,-0.007393,-0.132138,-0.046558,-0.110805,-0.098514,0.025811,-0.068907,-0.104767,-0.031855,0.008716,-0.106949,-0.052807,-0.129094,-0.059978,-0.010026,-0.10704,-0.019352,-0.169724,0.020056,-0.0167,0.0384,0.007401,0.199045,-0.007363,0.005553,0.207784,0.191621
-0.100157,-0.00496,0.032791,0.038686,0.070533,0.008698,0.076787,0.12158,-0.009161,0.116483,0.132731,0.082409,0.154781,-0.001766,0.152928,-0.07455,-0.052413,0.101833,0.11075,-0.032821,-0.131874,-0.048025,0.035022,-0.028788,-0.210943,-0.08384,-0.013986,0.114077,-0.03806,-0.003502,-0.013538,0.070835,0.059809,0.033358,0.115802,0.05171,0.001917,-0.031343,-0.07828,0.021649,-0.100737,-0.114019,-0.06148,-0.007452
-0.053881,-0.267209,-0.065195,0.06305,-0.078426,-0.052379,-0.07484,-0.075822,0.352492,0.144029,-0.069642,-0.083966,-0.0443,-0.014412,0.07527,-0.029612,0.025306,0.201595,-0.06529,0.00979,0.14432,-0.054434,0.169049,-0.001983,-0.153822,0.021194,0.078874,0.28737,-0.098367,-0.004414,0.031303,0.091551,0.105816,0.009422,0.06855,0.031176,0.041456,0.065374,0.022206,-0.145531,0.04116,0.132554,-0.07642,-0.04748
0.114277,0.107618,0.042104,0.143365,0.19607,0.12415,0.03218,-0.003318,0.09924,0.104878,0.099811,0.125971,0.083446,0.182985,0.211207,0.087109,0.107279,0.037938,0.208239,-0.040925,0.051522,0.006038,0.036816,0.105651,0.040783,0.034359,0.088764,0.278715,0.047843,0.070753,-0.202814,0.135057,0.177811,-0.046615,0.130842,-0.029728,0.232883,-0.020548,0.187211,-0.040442,0.114497,0.043576,0.118608,0.021028
-0.056287,-0.038988,-0.157971,-0.125933,-0.105191,-0.00671,-0.02997,-0.087118,-0.137328,-0.016931,0.006672,-0.034868,-0.091473,-0.030284,0.042013,0.100253,-0.10197,-0.061953,-0.096682,0.187158,0.076443,-0.06257,-0.009884,0.116347,0.0435,0.065422,-0.024002,0.027924,0.088685,-0.007018,-0.043661,-0.039416,0.016519,0.01172,-0.110506,-0.02961,-0.009798,-0.032252,-0.014083,-0.126884,-0.108013,-0.020734,-0.079548,-0.014507
0.014995,0.015296,0.012566,-0.01067,-0.032052,-0.009211,-0.058276,0.013832,0.009442,-0.070586,-0.010555,-0.004787,0.006928,0.010659,0.004268,0.016016,0.028647,-0.033892,0.035847,-0.026616,0.03026,-0.048203,-0.043029,-0.029338,0.026166,-0.035147,0.009084,-0.124922,-0.031835,0.00253,-0.026235,0.005266,0.003307,-0.053039,-0.064192,-0.036323,0.029553,0.045627,0.013128,0.059679,0.01109,0.035216,0.033025,0.074795
0.114192,0.06021,-0.011865,-0.014543,0.082015,0.07414,0.011124,0.104628,0.132189,0.154121,-0.0292,-0.006583,0.032677,0.061876,0.013513,-0.043411,-0.031406,0.021075,-0.028642,-0.056947,0.046056,0.08642,0.217414,-0.103886,-0.063801,-0.030483,0.131753,0.031838,0.001587,-0.045179,0.138115,0.084309,0.087546,-0.072737,0.031716,0.065044,0.048397,0.005338,-0.026157,0.170815,0.114151,0.060876,-0.109065,0.001051
-0.103079,0.052788,0.02454,0.031596,0.124141,0.049301,-0.152875,-0.065429,0.006316,0.242235,-0.129125,-0.168176,-0.235696,0.024816,-0.000654999999999999,-0.029829,-0.113083,-0.067791,-0.077006,-0.126435,-0.022143,-0.231507,0.044887,-0.098109,-0.162666,-0.042329,0.109193,0.148796,-0.176056,-0.107997,-0.014451,0.125223,-0.062752,0.134567,-0.000437,0.081571,0.088389,0.072421,-0.051776,0.112251,0.091519,0.12361,0.065608,0.05983
-0.00689,-0.096346,-0.099503,-0.058381,-0.013358,-0.134436,-0.090478,-0.019198,-0.092658,-0.113138,-0.069939,-0.081779,-0.11757,-0.044493,-0.112873,-0.001621,-0.05484,-0.03521,-0.034854,0.00233999999999999,-0.122706,-0.046567,-0.002825,-0.223636,-0.064492,-0.004832,-0.209603,-0.037057,-0.07259,-0.076239,-0.030317,-0.10321,-0.002121,-0.205016,-0.127921,-0.119025,-0.021647,-0.100505,-0.034244,-0.050507,-0.088982,-0.063843,-0.038698,0.086158
0.026677,0.01208,-0.156405,0.157344,0.108134,0.079247,0.049582,0.02643,0.252723,0.025012,-0.012371,0.003082,-0.120485,0.072445,0.058243,-0.10824,1.274278,0.125333,0.098946,-0.038295,-0.009492,2.013023,0.056816,-0.015787,-0.034308,0.060252,0.093978,-0.053129,0.046395,0.149937,0.210683,0.024331,-0.095589,-0.072198,0.00714,-0.062529,-0.073633,-0.112049,-0.026689,-0.157849,-0.049601,0.04553,0.220004,-0.082706
0.039041,0.117095,0.134141,0.082812,0.025998,0.029993,0.124475,0.065173,-0.015435,-0.024138,0.017584,0.022268,0.001637,0.002666,-0.028128,0.0534,0.023727,0.040021,0.088573,0.085034,0.025611,0.051439,0.068591,0.042993,0.022264,0.019063,-0.015396,0.063273,-0.014766,-0.005122,0.01308,-0.031661,-0.04351,-0.059365,-0.006566,-0.068624,-0.074009,-0.086973,-0.051268,-0.097919,-0.03483,-0.059676,-0.034856,-0.005507
0.087337,-0.080909,-0.055753,-0.190858,-0.035112,-0.011684,-0.192327,-0.206411,-0.129931,-0.092107,-0.02744,-0.140723,-0.091238,-0.04129,-0.032594,-0.051616,-0.069852,0.030821,-0.00439599999999998,0.016128,0.033533,0.056519,0.011866,-0.110556,-0.099516,0.014376,-0.096167,0.052331,-0.052153,-0.069289,0.055862,-0.047965,0.015077,-0.001882,-0.068752,-0.035286,0.188775,-0.290259,-0.09233,-0.065454,0.013647,-0.100757,-0.132505,-0.160318
0.021616,-0.02958,-0.038897,0.375724,0.00544,-0.038437,-0.074194,0.028041,0.939453,-0.129467,0.010032,-0.005004,-0.110412,-0.026836,0.014176,0.033372,0.009026,0.409436,0.074352,0.00296800000000001,0.165596,0.228484,-0.028794,0.064589,0.10439,-0.875456,-0.153563,0.067399,0.01871,0.032201,-0.248775,0.00759000000000001,0.042015,0.054549,-0.181615,0.091344,-0.016103,0.006084,0.201841,-0.002289,0.042156,0.019575,0.228156,0.317252
0.088752,-0.010244,-0.054084,0.059671,-0.043011,0.086646,0.015784,-0.007525,0.033658,-0.016656,-0.098899,-0.125347,-0.127346,-0.122322,-0.028482,-0.097771,-0.156703,-0.135141,-0.074451,-0.11046,-0.197329,-0.153696,-0.00454400000000001,-0.067452,-0.128483,-0.09202,-0.007337,-0.021219,-0.078198,-0.109966,-0.097527,0.003177,0.050225,-0.08137,-0.090345,-0.023698,0.094441,-0.015714,0.011362,-0.021036,0.093671,0.007932,-0.022073,0.070215
0.000496999999999997,0.110547,-0.108019,-0.011862,0.104881,-0.034802,-0.035878,0.174838,0.013168,0.044384,-0.082774,0.06771,0.018378,-0.090347,-0.110144,0.28491,0.136394,0.019355,-0.141335,-0.180567,0.729289,-0.111173,-0.103729,0.058693,0.05197,0.169393,-0.084169,-0.067134,-0.020955,-0.025848,0.012649,-0.079067,0.054604,0.186922,0.078963,-0.010344,-0.068101,-0.046784,0.049131,0.104472,0.100382,-0.039358,0.041551,0.036922
-0.049001,-0.080903,-0.004075,0.030038,-0.068179,-0.077608,-0.11236,-0.05458,-0.020757,-0.063403,-0.05798,-0.075529,-0.044457,-0.101203,-0.037883,-0.025073,0.056328,-0.047127,-0.108015,-0.004693,0.029773,0.034528,0.013268,-0.135573,-0.037919,-0.093485,-0.126001,-0.0553,-0.006665,0.003314,-0.173483,-0.015236,-0.03065,0.007003,-0.143177,-0.028104,-0.153881,-0.066187,0.025176,-0.091615,-0.195542,-0.029165,0.049932,0.005244
-0.040785,0.076428,0.082153,0.031013,-0.052644,-0.083778,0.092191,0.041195,-0.019826,-0.124321,0.010487,0.092218,0.010376,-0.051856,-0.044341,0.108282,0.05862,0.003427,-0.081629,0.116208,0.12384,0.055266,0.082008,0.045104,-0.000938000000000001,-0.015658,0.00474,0.020525,0.02176,0.068289,-0.035931,-0.011183,0.064418,0.043342,0.002573,-0.056752,0.010761,0.040358,0.06322,-0.012415,-0.047542,0.046883,0.038935,0.037102
-0.168564,-0.038649,-0.02456,-0.06893,-0.077551,-0.066436,0.112825,-0.136787,-0.158979,-0.051437,0.00914,-0.070321,-0.165582,-0.02139,-0.027694,-0.003929,-0.052931,0.019745,0.051006,-0.004906,-0.057351,0.006465,-0.015583,-0.158237,-0.15897,-0.008776,0.045014,0.012231,-0.099747,-0.005726,-0.012784,0.0633,-0.029673,0.035884,0.066694,0.023223,-0.039595,-0.015203,-0.12944,0.087442,-0.051589,0.018588,-0.009929,-0.055921
0.026235,-0.037074,-0.005938,-0.602566,-0.00352300000000001,-0.050585,0.075397,0.055381,-0.332983,-0.004103,0.122148,0.172231,0.03488,-0.017385,0.013625,0.021218,0.024323,0.051574,0.029837,0.00208800000000001,0.039351,0.010729,-0.01609,-0.012173,0.095344,-0.005414,-0.033544,-0.01236,0.014235,0.027758,-0.000572999999999997,-0.026738,-0.029599,-0.033629,-0.057549,0.032307,-0.046484,-0.000749,-0.03242,-0.01628,-0.005322,-0.00225600000000001,-0.016471,-0.048912
-0.01073,-0.064095,-0.014011,-0.137421,-0.010274,-0.014571,-0.081912,0.005414,-0.050316,-0.108467,-0.060788,-0.032623,0.035878,-0.003821,-0.051462,-0.59515,-0.117652,-0.067858,-0.114056,-0.582706,-0.314926,-0.110992,0.086336,0.001963,-0.097767,-0.054446,0.021613,0.063713,-0.011261,0.005055,0.085596,0.00372400000000001,-0.045005,-0.022615,-0.055144,-0.045432,0.082762,-0.025108,-0.162328,-0.08386,0.099367,0.12733,0.071721,-0.114653
0.066746,-0.10501,-0.151503,-0.045311,0.122344,0.197184,-0.009401,-0.244376,0.112462,0.003139,0.051926,-0.050299,0.02152,0.038388,0.067866,0.007527,-0.117732,0.085166,-0.035,0.109554,0.041354,0.02816,0.046751,-0.014452,0.021846,-0.087912,0.087924,0.084274,0.038266,-0.024176,-0.051261,0.072037,0.070543,-0.122861,-0.00417400000000001,-0.001083,0.146695,-0.068016,-0.077297,0.045733,0.11871,-0.06471,0.018392,0.006399
-0.047761,-0.012472,-0.054204,-0.132431,-0.040404,-0.117884,-0.045569,-0.011931,-0.077035,-0.036283,-0.132211,0.001319,0.012343,-0.028622,-0.120545,-0.023661,0.034926,-0.042377,0.042177,-0.041992,0.029512,0.0322,-0.06117,0.169248,0.014708,-0.064524,-0.059817,0.041296,0.149788,-0.136962,-0.111402,-0.21505,0.067213,-0.054056,-0.092246,-0.171858,-0.158166,0.030323,-0.105021,-0.096195,-0.056846,-0.217742,-0.014306,-0.011944
0.130211,0.037455,-0.047876,0.127397,0.065028,0.093446,0.023218,0.029536,0.029791,0.098514,0.231912,0.08621,-0.0079,-0.063548,0.064812,0.169733,0.075484,-0.072051,-0.008184,0.080263,0.113041,0.060711,-0.051244,0.087462,0.01585,-0.009327,0.123318,0.09549,0.123363,0.05496,0.069018,0.072798,0.077086,0.030399,0.08578,0.119774,0.062346,0.100627,0.002511,0.016252,0.083518,0.123777,0.054462,-0.010821
0.097983,0.108181,0.104217,0.121019,-0.019934,0.131942,-0.032496,0.086203,0.06844,0.062836,-0.043936,-0.067984,0.047711,0.066614,-0.295916,-0.158481,-0.152331,0.062624,-0.204252,-0.332635,-0.230079,0.015328,-0.135305,-0.442676,-0.128767,-0.014521,-0.00602900000000001,-0.005702,-0.252312,0.018531,0.018227,0.133547,0.089761,-0.06757,0.050536,0.049187,0.134429,0.085558,0.058278,0.180513,0.116208,0.251819,0.355529,0.261706
-0.029073,-0.013894,-0.001841,-0.055497,0.064957,-0.049666,0.091553,-0.048488,-0.107189,-0.006291,-0.017598,0.020457,-0.092055,0.179754,-0.070151,-0.047367,-0.062839,-0.047424,0.13546,-0.03464,0.099896,0.106125,-0.139734,-0.119876,-0.112646,-0.084262,-0.107106,-0.019823,-0.115864,-0.089739,-0.115845,0.019628,-0.022967,-0.006315,-0.096862,0.095754,0.087038,0.077949,0.035035,-0.081659,0.025245,0.177924,0.097095,0.021104
0.106564,0.169308,0.198188,0.064776,0.004911,0.138675,0.16593,0.098912,0.097064,0.114005,0.097032,0.015978,-0.007912,0.030511,0.141287,0.082444,0.008145,0.023847,0.138613,0.081567,0.217306,0.08064,-0.042466,0.004451,0.1185,0.013248,0.018098,-0.110558,0.168361,0.005387,0.057893,-0.006195,0.042949,0.086008,0.052847,0.034685,0.156875,-0.024036,-0.080885,0.063329,0.006744,0.047616,0.065755,0.096872
0.034953,-0.010008,0.11129,0.020195,-0.012756,0.072729,0.01835,-0.009188,0.078361,0.018858,-0.038223,-0.014088,0.027319,-0.007359,-0.080503,-0.048123,-0.014903,0.036074,-0.008087,0.062951,-0.035943,-0.058679,-0.003221,-0.084883,-0.025409,0.060918,0.000577999999999999,0.001677,-0.055054,0.087957,0.122809,-0.003131,0.070514,0.060081,0.176942,0.049426,0.089293,0.09707,0.120906,0.143003,0.138954,0.109309,0.029119,0.103575
-0.136823,-0.13609,-0.104853,-0.016936,-0.1885,-0.139127,-0.103849,-0.052779,-0.181474,-0.113354,-0.119343,-0.155839,-0.100387,-0.042997,-0.072128,-0.054998,-0.134474,-0.100997,-0.143244,0.011653,0.014528,-0.055859,-0.066952,0.041311,-0.031155,-0.188309,-0.060342,-0.070953,-0.095159,-0.184813,-0.223457,-0.086965,-0.135212,-0.190377,-0.137216,-0.109106,-0.098428,-0.13986,-0.106072,-0.022591,-0.157062,-0.132298,-0.150791,-0.103351
0.042394,-0.043671,-0.00109099999999999,0.023214,0.11745,0.073475,0.051196,0.213074,0.00977500000000001,0.00470500000000001,0.003147,-0.034097,0.114076,-0.017073,0.09688,0.433528,-0.030862,0.102274,-0.053221,-0.762443,-1.082395,-0.021341,-0.137343,-0.347348,0.110292,0.004589,-0.073615,-0.060386,-0.170747,0.045735,-0.034335,0.009279,-0.164665,-0.10256,-0.105263,-0.005775,-0.021685,-0.058943,-0.028394,-0.079023,0.036874,-0.006267,-0.119471,-0.006968
-0.042652,-0.162024,0.107703,-0.29643,-0.0129,-0.11583,-0.00847700000000001,0.129456,0.097921,0.063595,-0.005829,0.149739,-0.135984,-0.050599,0.050362,0.04517,-0.017438,-0.142819,-0.031438,0.080528,0.07402,-0.150538,0.043189,0.195328,0.234908,-0.036491,0.076986,-0.011388,0.08189,0.117502,-0.098792,0.170814,0.121864,0.050283,-0.150793,0.028907,0.109477,-0.060434,-0.017065,-0.007232,-0.046835,0.077202,-0.159411,0.016149
-0.070517,-0.117238,-0.038733,0.041348,-0.044137,-0.171766,-0.032829,0.179739,-0.369992,-0.107189,-0.130347,0.093597,-0.109701,0.031046,-0.051831,0.038972,0.011703,-0.200698,0.056821,-0.060785,-0.218579,0.038503,0.1137,-0.08562,-0.164853,-0.124166,0.082161,-0.071123,-0.162074,-0.248609,-0.13045,0.036294,0.017432,0.00407999999999999,-0.00142100000000001,-0.053763,0.019441,0.00405700000000001,-0.01656,0.025239,0.013039,0.055665,-0.089292,0.056359
-0.094731,-0.084295,-0.053117,-0.102098,0.008396,-0.092428,-0.130511,-0.152595,-0.192914,-0.079115,-0.173685,-0.092779,-0.20699,-0.021422,-0.136131,-0.085742,-0.074668,-0.061986,-0.033913,-0.034616,-0.111914,-0.08681,-0.00958099999999999,-0.037644,-0.123286,-0.147086,0.010337,0.011074,0.004355,-0.037908,-0.082878,0.017997,-0.03685,-0.100731,-0.082198,0.076157,-0.052848,0.001239,-0.058312,0.010318,0.02472,-0.057048,-0.066607,0.003211
