-0.110014773,-0.042970719,-0.006496697,-0.00710446,-0.015013016,0.00557241,0.004732876,0.034151614,0.000473001,-0.098997378,-0.11279283,-0.071744663,-0.297281392,-0.068793703,-0.012988491,-0.037708014,0.027093209,-0.003185686,-0.057511838,-0.120440204,0.022220969,-0.063291031,-0.077783114,-0.286098695,-0.029700103,-0.068994048,-0.016444748,-0.011803408,-0.01704993,-0.152859698,-0.082094028,-0.035599991,-0.129420056,-0.092607493,-0.056955229,-0.064257868,-0.046170098,-0.061141254,-0.023233029,-0.03077001,-0.111650313,-0.027565126,0.018862446,-0.135503808,-0.065966272,-0.094718183,-0.061684593,-0.029051921,-0.018990014,-0.035496473,-0.207580784,-0.100357911
-0.057896036,-0.098181471,-0.056238318,-0.054610324,-0.041689594,-0.050013706,-0.134812327,-0.052492436,-0.048453471,-0.050188121,-0.043797853,-0.017508401,-0.056806494,-0.06420204,-0.020128413,-0.037414283,-0.067448495,-0.12108832,-0.081086434,-0.034369071,-0.039506485,0.009384872,0.00854517,-0.010645699,-0.00882545,-0.038938479,-0.021558226,-0.09955205,-0.118751123,0.025668484,-0.044184742,0.007137272,-0.028358408,-0.028951903,-0.05125058,-0.123774888,-0.072404434,-0.055898838,-0.106938447,-0.026560827,-0.001276371,-0.063393608,-0.034527313,-0.042529312,-0.073661128,-0.050395919,-0.033301052,-0.080018838,-0.141792683,-0.094808294,-0.143050883,-0.081907114
0.107934257,-0.07411927,-0.125437457,-0.190838808,-0.090649798,-0.007185791,-0.026710302,-0.038692217,-0.09971079,0.061766547,0.087528472,0.290833982,-0.01262293,-0.043730789,-0.038819983,0.013976583,-0.018056267,-0.070827697,-0.006314939,0.143974794,0.068835837,0.297308031,0.030207812,0.16014094,0.133903935,0.063297869,0.109858092,0.057410323,0.038521702,0.204659009,0.144902782,0.030558906,0.247737008,0.110489154,0.081761818,0.030954798,-0.01965433,0.027664096,-0.007190376,0.137615223,0.186333812,0.107588601,0.058003653,-0.010626806,0.070194756,-0.095289956,-0.107879492,-0.032903377,-0.096602372,-0.025473244,0.051563122,0.178743903
0.133992225,-0.092858069,-0.197134461,0.014129228,0.031333749,-0.072181045,-0.147115306,-0.142414841,-0.047702902,-0.06684694,0.204883434,0.038578623,-0.122525184,-0.168857366,0.025516495,-0.004869414,-0.052822893,-0.233628184,-0.081890873,-0.228698746,-0.072903414,-0.162612914,0.04851448,-0.098379214,-0.087522963,0.057872664,0.05293194,-0.331559575,0.026322257,-0.162106963,-0.39694682,-0.277155202,-0.321925472,-0.57518499,-0.173379475,0.013189477,-0.155785623,-0.015158929,-0.284157041,-0.058874234,-1.053657649,-0.101718274,-0.391620117,-0.709361851,-0.338313288,-0.195450045,-0.114447327,-0.188775569,0.035776363,-0.03020303,-0.050402537,0.002029934
0.178187698,-0.005150783,-0.005899723,0.039991813,0.084033453,0.08067148,0.08134853,0.184741956,0.055682224,0.119648175,0.084876407,0.059694826,0.048453089,0.044585086,0.078543088,0.085290884,0.070419487,0.108704077,0.105066259,0.122695988,0.124651938,0.148489317,0.124968758,0.140090304,0.094511673,0.090247708,0.051785763,0.037985209,0.077665905,0.106442692,0.13724052,0.146198169,0.157507069,0.120741664,0.129496231,0.129387792,0.078623828,0.045958472,0.063230956,0.066579727,0.187587002,0.091491083,0.12975829,0.09550266,0.108891942,0.165157112,0.131440005,0.081034703,0.05550029,0.154949669,0.262262376,0.095392453
-0.018796385,-0.031048191,0.005000627,-0.081443844,-0.004862036,-0.039565129,0.04213098,0.113469225,-0.001550483,0.017055917,-0.049322864,0.04411212,-0.023482387,-0.008067428,-0.019865592,-0.00123374,0.146276371,-0.041741636,0.055257403,0.074448446,-0.009432664,-0.016394385,0.10962923,-0.007468235,0.001827739,0.00163021,0.145550867,-0.064739884,-0.101893796,-0.027164899,-0.012776962,0.001146849,0.07477512,0.069235311,0.049072025,0.059523223,-0.014426604,-0.019406158,-0.01949836,0.106975571,0.039661044,-0.017099923,0.039019155,0.095678178,0.057419066,0.002801918,-0.029501351,-0.058537161,0.044101665,0.050716361,0.178897873,0.217711093
-0.147395832,-0.071467007,0.01109395,-0.059041119,-0.000707836,0.059868781,-0.004485699,-0.145053416,0.183206823,-0.122344436,-0.201971722,-0.048919467,0.087802028,-0.088289937,-0.086844225,-0.131197408,-0.05677139,-0.261178831,-0.120585729,-0.050235088,-0.171943428,-0.065070188,0.189822705,-0.111822346,-0.111434481,-0.150434581,-0.162740634,-0.104884715,-0.278282942,0.079768002,0.002247161,-0.384290493,0.144114478,0.217859428,-0.110678098,-0.021232642,-0.122256669,-0.108713096,-0.081335782,0.085809153,0.136016644,-0.105070375,-0.439453697,-0.020892601,0.044876702,-0.115526258,-0.090872322,-0.046505348,-0.221761273,0.047933275,0.224850683,-0.001597155
0.068466573,-0.165101317,-0.063021458,-0.052296537,0.015440037,-0.029098804,-0.009627166,0.036699867,0.005311977,0.030588575,0.031696848,-0.125167307,-0.226423558,-0.06010407,0.048607992,0.032783392,-0.000494041,-0.04651707,-0.024468186,0.01118765,0.028206239,-0.411576677,-0.328263915,-0.197916041,0.033857826,0.043260448,-0.019487405,-0.006596504,-0.135651514,-0.059555448,0.025855564,-0.183711241,-0.446818031,0.194902051,0.03291947,-0.008683196,-0.012697781,0.028752728,0.025367015,-0.023788755,0.016607554,0.000727892,-0.130785382,-0.036397875,0.023957822,0.038186168,0.013790448,0.023692932,0.022014585,-0.065145983,-0.187431792,0.026287389
-0.051335901,2.9298E-05,-0.063291704,-0.135401892,-0.105061843,-0.056791197,-0.038011956,-0.085375308,-0.038060831,0.023507468,0.00129475,-0.033682997,-0.132742074,-0.11048507,-0.090336921,-0.003431658,-0.075886792,-0.071750302,-0.048884494,0.042952992,-0.010269739,-0.080094175,0.000586934,-0.050313372,0.118126032,0.0930669,0.007734153,0.002226419,0.05519389,0.037431147,0.051934462,-0.034322819,-0.079104102,-0.035894166,0.013776064,0.045834893,0.060808356,0.025963009,0.023483618,-0.129671422,0.054786138,0.026840585,0.025552801,0.058420864,-0.050558935,0.07096158,0.059961402,0.058985853,0.013449359,0.102755317,-0.019820109,0.125476022
-0.069748316,0.096708246,0.089378354,0.014293795,-0.041391743,-0.135693014,-0.034620374,-0.046842842,-0.029547483,-0.009916459,-0.030930474,-0.089247839,0.090798143,-0.011921846,0.005685619,-0.040036928,-0.026807266,0.059448812,-0.08137449,-0.14921742,-0.102354279,-0.18977166,-0.332377745,-0.132073111,-0.10140202,0.001072622,0.009770612,-0.038051102,-0.04850423,-0.136732918,-0.117422437,-0.114875154,-0.279186149,-0.509496843,-0.167291422,-0.180969883,-0.028797508,-0.078621788,-0.111305751,-0.343061602,-0.071025302,-0.195893194,-0.205430679,-0.387809397,-0.328612448,-0.124400421,-0.005801501,-0.035281411,-0.089523231,-0.360519221,-0.396102101,-0.205552446
0.011877375,-0.339753093,-0.209337797,-0.161460273,0,0.240047486,0.393721854,-0.115575707,-0.021080343,-0.120196289,0.036044588,0.233250845,-0.219981606,-0.239770021,-0.078567376,-0.016390921,0.242406555,-0.056842856,0,-0.020608567,-0.096030674,0.270816341,0.269067262,-0.077586416,-0.109699186,-0.016435449,0.043327607,-0.052371759,-0.003554594,0.045138362,-0.001018412,0.006542677,0.102852649,0.048229052,-0.070663634,-0.009378221,0.019622808,-0.024054918,-0.043913209,0.158435363,-0.034513201,0.111831048,-0.040722279,0.11270431,0.111920525,-0.043487432,0.005630751,0.012710377,0.083464149,-0.079295489,-0.146527355,-0.027160494
0.00655727,0.099965659,-0.018953816,-0.035738176,-0.029117724,0.233660993,0.115887938,0.018434787,0.018755469,0.046551421,-0.064574729,-0.055212735,0.041030629,0.021460834,0.001091742,0.081989831,0.094453305,0.063866741,-0.055268712,-0.000213723,0.053769164,-0.040982734,-0.109587962,0.005144073,0.142818556,0.125514988,0.130859135,-0.059905499,-0.03498394,-0.19297067,-0.031052972,-0.170904635,-0.179516763,-0.112680974,0.059996311,0.309920904,0.166629844,0.157206243,-0.041780085,-0.3222769,-0.192783504,-0.155588483,-0.318269047,-0.187101236,-0.020815905,0.18662094,0.161967636,0.052689644,0.027695549,-0.250229758,-0.320629819,-0.043429159
-0.113373642,-0.151277229,-0.064495722,-0.056081712,0.108384049,-0.149565869,-0.353214157,-0.251448684,-0.026912325,-0.215536694,-0.190472249,-0.029270916,0.208364377,-0.069652361,-0.011584016,-0.109602617,-0.255479595,-0.42695278,0.022589136,-0.10177591,-0.06316942,-0.236289283,-0.087337867,0.153196943,-0.099953741,0.140971526,-0.014804743,0,-0.148826237,0.052965577,-0.015939127,-0.306305731,-0.160566083,-0.043199292,-0.024806002,-0.300806885,-0.165567366,-0.350986902,-0.169222772,0.050799843,-0.05599046,0.014425312,-0.372490142,-0.061590852,0.004718863,0.168195579,0.102765159,0.128804122,-0.122218853,0.038882204,-0.078585972,0.051086023
-0.080635437,-0.045858458,0.021153935,-0.044460845,-0.017377093,0.014432233,-0.045886754,-0.014579146,-4.75783E-05,-0.149544599,-0.031862772,-0.054728486,0.015538903,-0.093888917,-0.185221459,-0.029091851,-0.08290245,-0.030638879,-0.074476586,0.017761847,-0.018232244,-0.024065584,0.000887609,0.018748685,-0.131172132,-0.07396703,-0.047482594,-0.016348955,-0.083039646,-0.001713301,-0.018585264,-0.038451466,-0.039671498,-0.021065099,-0.113093228,-0.141572172,-0.073047851,-0.05911754,-0.068964772,-0.009660768,0.05842239,0.04264644,-0.031823536,-0.073018413,-0.05777324,-0.153231932,-0.140269885,-0.061438038,-0.037758804,-0.07133659,0.103472813,0.079043988
0.024158596,-0.054953112,0.065854298,-0.063518094,0.020836078,0.002182064,0.02085861,-0.009822639,-0.008480198,0.034465852,0.055206398,0.140403344,-0.026792266,0.038489594,0.001507209,0.016644524,-0.147397785,0.044782671,0.025372722,0.037802104,0.0742944,0.036172366,0.138716947,0.080969831,-0.014159143,-0.012007768,0.034549494,-0.04205989,0.015663269,0.172535059,0.094288914,0.224383489,0.267306678,0.33540464,0.051720823,0.059220179,-0.028283168,0.029459325,-0.030911108,0.181531518,0.316368445,0.071497001,0.19232323,0.313724221,0.193185898,0.163287496,0.006621095,0.029557953,0.079067729,0.058091679,0.262728357,0.218746959
-0.111348867,-0.146083827,-0.221513784,-0.151603647,-0.118297128,-0.106655637,-0.116263868,-0.226746417,-0.06381015,0.050235705,-0.004156047,-0.013677782,-0.114919254,-0.259273953,-0.103809826,-0.125575753,-0.106717718,-0.131637543,-0.127413175,0.105959632,-0.050140952,0.064090703,0.097499438,-0.174248585,-0.173737392,-0.134278542,-0.133666297,-0.06827998,-0.150266247,0.081768798,0.073100665,0.046709428,0.149994792,0.041763002,-0.21975334,-0.116529378,-0.172012016,-0.136359356,-0.089245353,-0.056653028,0.17269474,0.133619277,0.101089805,-0.02333853,-0.065047575,-0.256889559,-0.183121253,-0.143447729,-0.200258194,-0.046644707,0.022954783,0.154354052
-0.067815559,-0.104949895,-0.195221871,-0.211515938,-0.223689334,-0.202822273,-0.181636732,-0.256913701,-0.186586667,-0.13483671,-0.030477746,-0.059133612,-0.20818929,-0.126801447,-0.27464686,-0.186059838,-0.191152063,-0.19751194,-0.176404447,-0.184281347,-0.069747505,0.019311065,0.012758531,-0.11040893,-0.127582378,-0.235080562,-0.185316389,-0.211627507,-0.194201503,-0.142356446,-0.065369935,0.209867097,-0.083200257,-0.139565385,-0.184826332,-0.169188785,-0.17489813,-0.214396152,-0.163880742,-0.14909095,-0.120300333,-0.074102698,0.098193297,-0.13229775,-0.171578373,-0.209412644,-0.122234822,-0.178864214,-0.163952758,-0.081724217,-0.36839284,-0.088227853
-0.079131264,-0.120532154,-0.138731303,-0.095004242,-0.035691431,-0.009242062,-0.067225046,-0.075245577,-0.017340364,-0.066010002,-0.029454502,-0.012374968,-0.170471304,-0.087029026,0.004882629,-0.037386373,-0.03914766,-0.082796345,0.016856578,0.013351312,-0.15250004,0.027503477,0.042388748,-0.073939569,-0.11996621,-0.060872956,-0.06459492,-0.082525212,0.129917181,0.258640731,0.034987852,0.070248206,0.138955528,-0.027319413,-0.160921199,-0.178340315,-0.109864342,-0.085736526,-0.048451731,0.167498443,0.120963616,0.071550721,0.098118738,0.129843382,0.011579901,-0.132770407,-0.108015382,-0.057862824,-0.042610921,-0.014844238,-0.021456155,0.075930231
-0.122540866,-0.164013682,0,0.010420151,0.004550174,-0.011661287,0.017962865,-0.016075049,-0.025767705,-0.058862566,-0.050542115,-0.074328552,-0.231818,0.021643873,0.023588787,0.018233956,0.00399104,-0.074257488,-0.105879151,0.072139376,0.048216324,-0.002084506,0.163172797,0.039525658,0.15236032,0.075618804,0.025069647,-0.037806644,-0.113851674,0.212059752,0.043965407,0,-0.06634393,-0.192419173,-0.012697167,0.03414654,0.097407983,0.049404613,-0.06879921,0.182502883,-0.026256416,0.009018416,0,-0.266318726,-0.003735526,0.070174833,0.062492801,0.090701344,0.075481318,0.08991019,-0.055527173,-0.10273135
-0.179436306,-0.240560326,-0.121245578,0,-0.102638808,-0.048791665,-0.138331773,-0.074790658,-0.2401309,-0.029398497,-0.082747826,-0.174305395,-0.340287253,-0.08725514,-0.137320009,-0.101915811,-0.146548231,-0.039570256,-0.068348867,-0.151063021,-0.147871642,-0.145162458,-0.068403464,-0.09664182,-0.174202211,-0.105187683,-0.094216669,-0.102349009,-0.09276542,0,-0.177673124,-0.123799329,-0.160451065,-0.213130273,-0.128986989,-0.124990923,-0.228224998,-0.128590733,-0.089255101,-0.250357922,-0.263583091,-0.174063191,-0.076551679,-0.100780737,-0.11512364,-0.189236073,-0.226895023,-0.105665399,-0.120224704,-0.0846781,-0.001588986,0.160501923
0.014734216,0.011542974,0.108707918,0.04219334,0.042124031,0.057036627,-0.011822321,-0.017511028,-0.053558548,0.029180072,0.091203633,-0.114980944,0.055793145,0.058958985,0.076515148,0.040827994,0.030485344,0.04661381,-0.178931438,0.062937757,0.117572018,-0.309796214,-0.144737111,0.059173978,0.05643412,0.092322164,0.043530511,0.029216732,-0.227484836,-0.113388021,0.157025402,-0.30425313,-0.216439703,-0.267747034,0.121821202,0.221789095,0.068994687,0.006412467,-0.008413936,-0.142789685,0.039903517,-0.033511618,-0.162416616,-0.087429329,-0.06774961,0.107993888,0.085315237,0.042296257,0.084496754,0.118450627,0.100734499,-0.022835348
0.013306632,0.198129425,-0.036518977,0.055165316,0.003680626,0.106910086,0.042369164,-0.145151568,-0.050859918,0.054345772,0.065945488,0.125002546,0.260461147,0.037619837,0.136457185,0.01102284,0.006885911,0.11287949,-0.068188398,0.022136345,0.04902287,0.082223951,0.168325963,0.066467388,0.140158239,0.036642197,-0.00726615,0.084299542,0.167191835,0.110785234,0.036345902,0.067086161,0.154993482,0.14469478,0.176742605,0.243624711,0.120229283,0.220591966,0.24882653,0.236989579,0.141016028,0.382016103,0.186691077,0.153774849,0.10226057,0.268776662,0.114456163,0.18687403,0.227412444,0.222348585,0.221122925,0.264948681
0.16348409,0.126159199,0.184931168,0.060337839,0.024779375,0.073564438,0.08728673,0.102695036,0.171930847,0.046894013,0.08831439,0.101995511,0.107322867,0.211207138,0.053133158,0.059543601,0.071588652,0.243646461,0.073805844,0.068945287,0.042317094,0.05593587,0.162233905,0.167009846,0.107356977,0.060904996,0.137400893,0.163857316,0.101950557,0.02347749,0.01996738,0.080910451,0.095753329,0.157461405,0.139253629,0.02557677,0.11732054,0.101385805,0.264872328,-0.056375474,-0.029689227,0.071199915,0.056685453,0.155136442,0.131747369,0.117202807,0.189111128,0.111146763,0.127053486,0.064871641,-0.263324003,-0.008515523
0.062637526,0.026969995,0.027909817,0.018148146,0.057626924,-0.014235608,0.018304502,0.109272281,0.361438605,0.00159545,0.00936108,0.185217433,0.0576624,0.076626124,0.102583517,0.056527509,0.044103436,0.23896526,0.142284094,0.054595541,0.049908276,0.21949835,0.168053853,0.099774007,0.207988976,0.136401711,0.20459081,0.352910994,0.099621814,0.028260808,-0.010750763,0.299657791,0.220996356,0.139966504,0.148630406,0.204247797,0.33406592,0.129634443,0.1834269,0.038239805,-0.060514173,0.05485177,0.499773858,0.194403409,0.432291459,0.233183384,0.270694424,0.322226244,0.486180425,0.06052067,-0.074497465,0.012673215
-0.070646683,-0.069039606,-0.090897167,-0.131978224,0.04635626,-0.203390699,-0.180909962,-0.115118837,-0.087027268,-0.075927927,-0.057705226,-0.060166773,-0.078316584,0.010834932,0.033703686,-0.043319573,-0.109108424,-0.045395717,-0.014709509,0.039656782,-0.060803498,-0.052374324,-0.13744188,0.001432702,-0.065099202,-0.097371686,-0.050058986,-0.143287397,-0.027385859,0.011634506,0.000881137,-0.013489039,0.007998991,0.004862848,0.012443667,0.011232993,0.03311852,-0.034340987,0.004831997,0.402459569,0.082899218,0.661398863,0.024936165,0.019258087,0.06212041,0.072327184,0.20092105,0.143061023,-0.009344717,0.39252236,0.011753099,-0.036672253
-0.067987813,0.096232434,0.008117485,0.086111238,0.011479461,0.034437562,-0.041197403,-0.01957624,-0.087946495,-0.002838857,-0.105861622,0.038206599,0.117982605,-0.000975292,0.036068692,0.05293182,0.086686169,-0.017190167,-0.04968168,0.05458513,-0.059772526,-0.031982559,0.193313904,0.097721261,-0.101890763,0.04268825,-0.00435704,0.009104751,0.044963623,0.052665153,-0.026725497,0.012289535,0.164476116,0.094320524,0.009385824,-0.05608313,-0.037769858,0.118030088,-0.025667985,0.107299755,0.145529398,0.000641347,0.032262612,0.052042174,0.362855891,-0.03167728,0.012031711,0.016721995,0.03434012,0.073004435,0.248037469,0.072382859
0.058266549,-0.104776354,-0.044870706,0.08385241,-0.088400646,-0.129033645,-0.147338912,-0.033515252,-0.070895079,0.059624854,0.044230076,0.003984106,-0.097756756,-0.080059755,-0.0478191,-0.133349711,-0.167758268,-0.08310997,-0.099692936,0.043392612,0.090623334,0.059022243,0.03982749,-0.033277956,-0.134437481,-0.037163849,-0.012373116,-0.094420212,-0.075971307,-0.055939299,0.012092743,-0.054413227,0.205224339,0.084024619,-0.122557668,-0.204571581,0.026304395,-0.080836683,-0.038691235,-0.203702774,-0.011341086,0.011795971,0.064428088,0.140670163,0.013853969,-0.0419443,-0.040295905,-0.023312092,-0.030312434,-0.090256523,-0.146482765,0.068375851
-0.042828864,-0.016901458,-0.051742377,0.042240004,0.090920526,0.006790482,-0.013214419,0.002808195,-0.004435885,-0.040334824,-0.001501796,-0.016198119,-0.105626921,0.011335913,0.140274887,-0.037457983,-0.029842499,-0.021494702,0.047266043,0.004379498,-0.022043296,-0.010093356,-0.045506269,-0.028652781,-0.046097729,-0.02439552,-0.107614421,-0.107687923,-0.04516263,0.06800155,-0.014076402,0.036422446,0.073157325,-0.07126209,-0.104531724,-0.073565687,-0.074761371,-0.138052754,-0.04800151,0.061425374,-0.010866067,0.00867686,0.042351346,0.065947863,-0.085182482,-0.156417441,-0.104411053,-0.180865457,-0.121232529,-0.014822734,0.110454657,0.050688738
-0.00367389,0.004063078,-0.003445082,-0.102077012,-0.059234298,-0.069725663,-0.036347134,0.033578165,0.065335912,-0.084747281,-0.104162888,-0.027961991,-0.089584405,-0.078286105,-0.093990613,-0.003895519,-0.047639253,-0.053345073,0.006491617,-0.02604439,-0.052914812,0.043001365,0.139434501,-0.067099277,-0.12202448,-0.073129052,-0.03541994,-0.082512492,-0.054848594,0.04757341,0.080376975,-0.029958934,-0.171244929,-0.201122175,-0.101080687,-0.047926673,-0.045040255,-0.077819298,-0.052126315,-0.021157932,0.041644763,0.070363859,-0.091379654,-0.19351596,-0.161588966,-0.015652012,-0.067780442,-0.087210589,-0.122370575,-0.0705628,-0.140017684,-0.039854155
0.015773878,0.028716431,0.085018412,0.025543785,-0.023265379,-0.061925764,-0.016733227,-0.01380428,-0.060981841,0.04001596,0.041783401,0.070705034,0.006026854,0.073309438,0.013460676,-0.004782781,0.014189173,0.033052452,0.042139705,0.075197038,0.038329653,0.035660506,0.04296176,0.112533831,0.026919203,0.017058505,-0.010024161,0.038078015,0.050581907,0.009915644,0.124095456,-0.031579455,0.254515158,0.159624151,0.095450995,0.204364216,0.021594583,0.030946949,0.120095278,0.445746233,0.164228613,0.084523688,0.013060581,0.069111938,0.010793992,0.118352453,0.003369661,0.013777227,0.127038765,0.061926744,0.035506349,0.260695216
-0.285776208,-0.165216884,-0.072806784,-0.125353231,-0.105305991,-0.084260225,-0.076281183,-0.058385029,-0.057847195,-0.163548476,-0.268394436,-0.2572292,-0.14301105,-0.100971168,-0.111445846,-0.076606683,-0.065936573,-0.066937437,-0.101728785,-0.16125139,-0.121971359,-0.250497447,-0.179414148,-0.131988531,-0.13091353,-0.105187304,-0.102581016,-0.077971899,-0.10298413,-0.395401311,-0.288019759,-0.21973665,-0.094512993,-0.192695049,-0.192226674,-0.126765628,-0.109219948,-0.155382048,-0.044015227,-0.056883522,-0.265407077,-0.05192682,-0.106893181,-0.119709329,-0.246974925,-0.204352022,-0.183034552,-0.208803198,-0.238748139,-0.01874072,0.278238707,-0.178823283
-0.04848493,-0.007743982,0.033355427,-0.064050306,-0.050763839,-0.030201553,0.006534864,-0.048769005,0.019518712,0.011090034,-0.030407877,-0.014092077,0.073728381,-0.02329926,-0.081800404,-0.069037034,-0.050243007,-0.011027151,-0.053553886,0.05135607,-0.031226781,0.102734491,0.150749723,0.05143538,-0.040208425,-0.027163019,-0.011424549,-0.056863235,-0.002129036,0.06860346,0.07948047,0.173433831,0.157851467,0.312513923,0.062787831,-0.049754344,-0.067731282,-0.087319982,0,0.037956148,-0.006928515,0.031268157,0.154846455,0.256931301,0.263540399,0.046230283,0.051659586,0.057342297,0,0,0.037296229,0.074010575
0.037672474,-0.029334125,0.000626056,0.009195627,0.077420129,-0.001519925,0.006023891,-0.022281105,0.031384904,0.0476067,-0.091689395,-0.122956529,-0.231125554,-0.002064426,0.192066138,-0.01468162,0.006138336,-0.075803257,-0.018008398,-0.043812816,-0.048328485,-0.211642307,-0.446344376,-0.285013797,-0.063784962,0.008487405,0.009336274,-0.041302164,-0.049697276,-0.112430702,-0.107054757,-0.241059494,-0.352413536,-0.295380801,-0.161679197,-0.082005142,0.114536431,-0.066723239,-0.055702258,-0.166623662,-0.18511724,-0.156057919,-0.285580812,-0.261459259,-0.23706309,-0.072990301,-0.020218016,0.052464155,-0.036916308,-0.130391272,-0.165141493,-0.206983695
-0.162656819,-0.037512981,-0.119501632,-0.221744866,-0.212322937,-0.106948032,-0.118677641,-0.192709512,-0.251133541,-0.154236217,-0.126917856,-0.151864059,-0.03128044,-0.327852351,-0.221162997,-0.178424018,-0.153838491,-0.269559337,-0.101448892,-0.104714536,-0.081797441,-0.110872642,-0.093267501,-0.233529123,-0.436103971,-0.204560132,-0.163768212,-0.289564541,-0.126122271,0.085215121,-0.038420538,0.08134742,-0.196145777,-0.217623433,-0.381836429,-0.359935421,-0.277059172,-0.163970849,-0.313836097,0.030840235,-0.013826786,0.08116419,-0.007893139,-0.256931824,-0.156731044,-0.244213599,-0.34774169,-0.314566854,-0.490108352,-0.176569437,-0.152116187,0.155741386
-0.226370891,0.102796991,0.265684332,-0.172616401,-0.123927103,-0.0698843,-0.236637872,-0.146367548,0.037624888,0.015730293,-0.22000262,-0.138438465,0.229056497,-0.193319268,-0.154903549,-0.116051166,-0.263809466,-0.205739776,-0.08305374,0.150800688,-0.003423132,-0.250209822,-0.141322107,-0.329807973,-0.078369175,-0.153646003,-0.193566356,-0.157562435,-0.170803889,-0.055881351,0.012996869,-0.266968535,-0.201768498,-0.23787268,0.033416732,0.01797084,-0.212109764,-0.082014732,-0.147356851,-0.08694975,0.071671435,-0.136490233,-0.233196825,-0.215656799,-0.167237091,-0.076125361,-0.222383867,-0.256066019,-0.218594655,-0.249401853,0,0
0.017029368,-0.046193054,-0.020195622,-0.101837442,-0.100050082,-0.017442939,-0.080995298,0.196289853,0.143938447,-0.08179148,-0.044049042,-0.024841333,-0.047019353,0.019634826,-0.104986794,-0.001551243,-0.076474743,-0.0592998,0.161679112,-0.155684914,-0.083940803,-0.039109215,-0.214254642,0.023280989,-0.000953861,-0.057771894,-0.003091316,-0.098985769,-0.128826714,-0.182627248,-0.137663467,-0.106501845,-0.349726461,-0.316181659,-0.051667553,-0.040604749,-0.200188365,-0.062845256,-0.107749471,-0.287526311,-0.227031289,-0.192909314,-0.21467158,-0.394289186,-0.370685459,-0.083592231,-0.1002845,-0.095621726,-0.019444655,-0.238726859,-0.30537859,-0.22899992
-0.032947161,0.138640445,-0.224632502,-0.273893005,-0.327807807,-0.080542443,-0.050475589,-0.075923079,0.276329908,0.047625717,-0.027802409,0.158077968,-0.033661738,-0.053814983,-0.27062807,-0.162643867,-0.024795319,-0.081582954,0.129215604,0.215877575,-0.004092532,0.083336978,0.149727755,-0.031097476,-0.152222547,-0.262789995,-0.13885418,-0.157252184,-0.005555302,0.091387806,0.233605878,0.229079364,0.119665838,0.122959803,-0.04926614,-0.219171015,-0.18255263,-0.067108184,-0.141064654,0.274156026,0.121227483,0.048065914,0.243462941,-0.022970436,-0.151968399,-0.116655641,-0.125604156,-0.048239792,-0.047169055,0.099333802,0.339834987,0.132988852
-0.127527384,-0.087560874,-0.028332095,-0.129776863,-0.043305608,-0.041629261,0.006098384,-0.118792886,-0.08386256,-0.047485596,-0.116181651,-0.04201226,-0.087170412,-0.126335417,-0.092420041,-0.086433002,-0.078731313,-0.1318149,-0.005088942,-0.148677983,-0.007127706,-0.090629424,-0.059901789,-0.034667053,-0.055944186,-0.089890148,-0.060063362,-0.119508667,-0.097716321,0.039177399,-0.036468452,-0.088793576,-0.04390219,-0.095541365,-0.022809481,-0.23101448,-0.097733941,-0.126077472,-0.161822754,0.132956394,-0.00187694,0.107496311,-0.068177003,-0.014784576,0.029806206,-0.183744817,-0.166793874,-0.05996778,-0.070720967,0.102424753,0.03860903,0.017060581
0.084051671,-0.088217038,0.022337573,0.037535385,0.092633786,0.153965364,0.11610142,0.094413412,0.010667258,0.107587514,0.211994537,0.037253661,-0.05783947,0.050139164,0.03506318,0.102377663,0.083991375,0.100108412,0.120916674,0.199968852,0.126557077,0.161692364,0.007242522,0.024711726,-0.001163802,0.023794951,0.050831756,0.058293838,0.091584856,0.199935872,0.16537248,0.124700569,0.027335578,0.084111708,0.069244688,-0.035851054,0.050355314,0.070665966,0.07835595,0.147355947,0.101869117,0.109647797,-0.010982279,-0.031920173,0.056617858,0.002756501,0.003021449,0.027479286,0.074782897,0.053607733,0.036000735,-0.045804536
-0.054066062,0.087932213,-0.053852866,-0.060089308,-0.038955687,-0.028563155,-0.044897978,-0.048048888,-0.063315108,-0.064696442,-0.047399126,0.046740576,0.051787721,-0.093980271,-0.060718662,-0.053392422,-0.099205793,-0.033199968,-0.075353597,-0.086564124,-0.071699336,0.003952219,-0.025958865,-0.087224095,-0.119975318,-0.092006453,-0.091850252,-0.140535207,-0.110441752,-0.040883443,-0.01301696,0.008365056,0.123445124,-0.015124219,-0.054080608,-0.107366572,-0.065696733,-0.138835547,-0.025030233,-0.157156724,-0.078350222,-0.034802706,0.031853816,0.007698507,-0.014082442,-0.062019898,-0.101079689,-0.079905442,-0.068373258,-0.096534811,-0.150731994,-0.163448865
-0.0194528,-0.069864958,-0.014523433,0.025183535,-0.024651998,-0.06569275,-0.083337075,-0.091175828,-0.099837378,-0.042116081,0.003163243,-0.025949042,0.038812944,-0.009011556,-0.032922805,-0.066354896,-0.062965394,-0.153380409,-0.086126226,-0.054899231,-0.022249378,-0.159705677,0.245753306,-0.026344693,-0.076120064,-0.040992795,-0.075812771,0.00741203,-0.072022614,-0.024706903,0.044526833,-0.044436441,-0.10917025,-0.102386181,-0.048468818,-0.180014128,-0.130774465,0.200842219,0.076338469,0.004082278,0.030272705,0.019885836,-0.19893573,-0.179184628,-0.101676146,0.028316468,-0.136236705,0.271945179,0.296669626,-0.049820698,-0.098073054,0.023986119
0.015055754,0,0,-0.002585379,0.035812256,0.028723337,0.048770547,0.02656059,-0.237949323,-0.005819704,0.005929735,-0.228487089,-0.182888284,-0.062991695,0.016403482,0.045529903,0.034880641,-0.067189877,-0.055355243,-0.106770425,-0.028448131,-0.255696497,-0.225034626,-0.14119006,-0.034926125,0.022641211,0.049783033,-0.115442293,-0.254291949,-0.053631633,-0.214391912,-0.138444602,-0.244213639,-0.218794846,-0.034869306,-0.080589115,-0.00772636,-0.016511311,-0.169064869,-0.117458547,-0.127858553,-0.170212851,-0.125331214,-0.186433487,-0.143005325,-0.086027232,-0.010219603,-0.021899571,-0.22092928,-0.127027508,-0.094995994,-0.128116527
0.039058899,0.138607917,-0.072966072,-0.092020911,-0.046272762,-0.042124127,-0.034439335,-0.001209144,0.035082287,-0.040986031,0.047394893,0.281007109,0.112486482,-0.094123128,-0.101924701,-0.034177431,-0.036543013,0.028758416,0.077354546,-0.064710008,-0.064909255,0.212058776,0.285732165,0.008252685,-0.055479666,-0.090572781,-0.029413437,0.025989439,0.279951643,0.11024735,-0.032902115,0.169945772,0.026668418,0.235726342,-0.246860827,-0.13130756,-0.103249524,-0.036806953,0.107352105,0.149975737,-0.015105332,-0.025987474,0.171795611,0.173107964,0.072058398,-0.117809535,-0.144420509,-0.109496816,0.123449777,0.060415581,0.026262417,-0.071963419
0.148965934,0.095863695,0.137275871,0.11263244,-0.02300788,-0.069986301,-0.017391409,0.048344711,0.06955813,0.160208256,0.16425738,-0.070908513,-0.082781801,0.059477968,0.040448452,-0.068012664,0.001908433,-0.007700964,0.079336271,0.102185749,0.062147331,0.000581141,-0.111233906,-0.075221442,0.035076504,0.008805324,-0.027482117,0.016184051,0.094434267,0.053744465,0.085300058,-0.013604451,-0.248754626,-0.279656308,-0.00178803,-0.773598405,-0.088440023,0.058894392,0.033795708,0.148131584,0.090411209,0.05352207,-0.236975428,-0.439871466,-0.040868522,-0.70910753,-0.727196102,-0.066102163,-0.298673293,0.109704576,-0.100628098,-0.112508955
-0.040597668,0.029516829,-0.062475658,-0.086879876,0.015700711,-0.019185116,-0.096160677,-0.1477484,-0.06176266,-0.063394739,0.011011895,0.013597451,0.051149729,-0.174367386,0.008789603,-0.034896489,-0.010897493,-0.087860085,-0.029664633,-0.014146494,-0.067568269,0.060611605,0.016722133,-0.136173097,-0.04045783,0.03644447,0.001552242,-0.073149483,-0.092446959,0.027284951,0.053515546,0.020199654,0.008790824,-0.013531947,-0.1057353,-0.06828354,0.005672215,-0.015246142,-0.073511101,0.050228811,0.081201824,0.125084934,0.067929949,-0.000797116,-0.046686327,-0.08303952,0.06390577,-0.032596617,-0.030299971,0.042055199,0.031579634,0.156346946
-0.01951497,0.015186334,0.014879632,0.096535556,0.086861186,0.007127432,-0.01436547,0.001393353,-0.052605111,-0.002990761,0.019520912,0.02706283,0.007776145,0,0.047816978,-0.015167786,-0.010469083,-0.012951325,-0.032201254,0.004161199,-0.003290383,0.022741335,0.051634906,-0.056496763,0,-0.004572848,-0.012330023,-0.015858349,-0.023838148,0.016505301,-0.011701397,0.009250169,0.017552465,0.025587564,0,0.018362598,0.012034187,-0.016607553,-0.005427341,-0.033118952,0.00426288,-0.018777789,-0.001466675,0.03304348,-0.008142766,0.035091075,0.052552454,0.013529641,-0.0233312,-0.097691936,-0.0365506,-0.01153463
-0.146963297,-0.087674026,0.016553595,0.042421637,-0.007735582,0.013926837,0.035975935,0.033254409,0.125209453,0.054837173,-0.007731329,-0.17192921,-0.07607903,0.000316132,0.025589268,0.021031721,0.059139088,-0.005346294,0.018090121,0.031127962,-0.043305524,-0.003821875,-0.29046571,0.007314497,-0.014520119,0.023788041,0.059781832,0.010383859,-0.095698489,-0.045792931,-0.011531346,0.036432934,-0.064060614,0.079843978,-0.006615788,0.049131876,0.029448284,0.035939117,-0.047729604,-0.046281747,-0.163598558,-0.038623892,-0.15517616,-0.009035629,-0.021324492,0.04041054,0.091736396,0.020497727,-0.06940829,-0.04663467,-0.143650335,0.032884313
-0.05438669,-0.062290364,-0.099207236,-0.156312668,-0.05601953,-0.025578344,-0.092929085,-0.031191948,-0.013856049,0.011983859,-0.047831012,-0.092332303,0.013649991,-0.109431575,-0.044125949,0.009706474,-0.056846157,-0.067012997,0.091864337,0.144109233,0.033923302,-0.112070456,-0.02676333,-0.12377916,-0.111937382,-0.019543282,-0.086617794,-0.133242251,0.015224603,0.279084397,0.108421765,0.033847026,-0.204874593,-0.090667243,-0.074621086,-0.054673929,-0.109967854,-0.136040547,-0.030879012,0.201785742,0.137854364,0.075454616,0.012816587,-0.066268652,-0.093565853,-0.093847179,-0.0859219,-0.160892329,-0.190186628,0.090035691,0.086036015,0.025642678
0.03076861,-0.031581134,0.006184748,0.004452383,-0.029931096,-0.063592561,-0.02516464,-0.030845362,-0.027668847,-0.097420113,-0.038020273,-0.027832831,0.074334239,0.068316957,0.00208079,-0.030605038,-0.053410446,-0.02474706,-0.006951393,0.0277078,-0.053719499,-0.091313367,-0.015090662,0.029254005,0.029614865,0.028406092,-0.05021487,-0.049986777,0.002772484,0.091978415,0.01234771,-0.016798202,0.01407308,-0.054657439,0.092880629,-0.060777292,-0.093513657,-0.001080015,0.082396787,0.052852228,-0.039691268,0.048945607,0.051555829,-0.120047472,0.035663998,0.186698474,-0.035720647,0.039310317,0.193538843,0.084044783,-0.10097987,0.022583039
0.163868932,0.015303496,-0.040969957,0.016754663,-0.00804687,0.076544258,0.183509307,0.063183386,0.005980728,0.062862047,0.231800329,0.041099741,0.329466923,0.121682639,0.044119232,0.08388555,0.201808489,0.089498403,0.120701672,0.04285479,0.156024511,0.086152343,0.19238711,0.191847345,0.030458247,0.025638709,0.057590295,0.123897086,0.116186546,0.156317999,0.019705237,0.084190266,0.135097812,0.166737634,0.115533937,0.062789435,0.05026648,-0.078747166,0.079155722,0.097659468,0.052165482,0.166231728,0.236409514,0.177577607,0.092564593,0.152981166,0.067304684,0.044896103,0.068729767,0.038167609,-0.003825261,0.124300392
-0.060995238,-0.062281282,-0.021854249,0.052998542,0.078714946,0.0966961,-0.006086847,0.160751719,0.149989348,0.113326979,-0.129889769,-0.241846194,-0.463428203,0.04975801,0.222489939,0.037426861,0.163429034,0.0705671,0.124610115,-0.204928049,0.122477291,-0.667706295,-0.728657738,-0.368719091,0.080974094,0.073611157,0.081353093,0.1054295,0.162066205,-0.203464234,-0.2378752,-0.179484629,-0.318870555,-0.390999779,0.091816091,0.159853237,0.149712327,0.15696191,0.075545959,-0.112729566,-0.340490316,-0.19199035,-0.241261347,-0.12357085,-0.281826791,0.221617569,0.194362153,0.26623594,0.216106251,0.226069901,-0.350348213,-0.369002428
-0.005870969,0.038746151,0.013867291,-0.074158532,-0.04675624,-0.014610622,-0.127760132,-0.058514005,0.005477143,-0.043344839,0.058457288,0.173806379,0.112043479,-0.12563974,-0.13539775,-0.055598047,-0.141791844,-0.077888661,-0.029872368,0.027750242,-0.022301314,0.194567573,0.212773427,-0.043794691,-0.149603065,-0.054677048,-0.104624794,-0.118381151,-0.005761022,0.113873737,0.09034501,0.070553093,0.250535058,0.058378628,-0.050340802,-0.084417595,-0.107141792,-0.131812482,-0.034299904,-0.016727508,0.142421668,0.111963785,0.110349687,0.188313569,0.120133965,-0.19258304,-0.001156209,-0.28859155,-0.012705993,0.012545215,0.089115421,0.229066318
-0.041932213,-0.085219972,-0.118780855,-0.032246505,0.076057276,0.069166462,-0.013893739,0.033006418,-0.049228532,-0.033448501,0.144885127,0.000461899,0.072718322,0.037691793,-0.003509144,0.136869869,0.048741203,-0.035801084,-0.000126868,-0.078580839,-0.076143342,-0.018791928,0.167674569,0.184495182,0.058142149,0.03009811,-0.020898559,0.017163767,-0.083567836,-0.014639262,0.025043789,-0.031733495,0.093134817,0.118585356,0.086147364,0.155898508,0.095403657,0.114849616,0.001064346,0.001442473,0.040423243,0.021757917,0.069431587,0.096568473,0.078668833,0.131513284,0.277839158,0.250535281,0.123613929,0.073762939,0.097003321,0.1088047
-0.000559851,-0.06476769,-0.038152409,-0.068616463,-0.013455653,-0.048840056,-0.084198226,-0.073462229,-0.026745656,-0.092045488,-0.022386149,0.032888013,0.004561783,-0.047456281,-0.034811003,-0.018128261,-0.038365631,-0.076222581,-0.061564882,0.085588214,-0.171812329,0.011504518,0.00177231,-0.044917425,-0.059550431,-0.056519246,-0.004824185,-0.041526194,-0.060250748,0.056353189,0.103554773,-0.02633709,0.087565431,0.003095879,-0.093764962,-0.133781327,-0.054456409,-0.133997209,-0.143846158,0.118518807,0.058791877,-0.046502887,0.03000118,0.135027114,0.080401902,-0.140484002,-0.155277463,-0.196073374,-0.179628578,0.037612136,0.178671325,-0.022066487
-0.107619946,-0.087246253,0.048383867,-0.046546636,-0.039793114,-0.012564136,-0.005614153,-0.031464909,-0.128089898,-0.046042802,-0.064926402,-0.079856279,-0.048862109,-0.086890353,-0.074267292,-0.041011726,-0.068053581,-0.133075628,-0.07529597,-0.080917058,-0.039372307,-0.113232138,-0.134004944,-0.051042846,-0.142852785,-0.065180472,0.051978266,-0.15256835,-0.138518026,-0.126442039,-0.098799996,-0.120490713,0.013282604,-0.052892223,-0.114287591,-0.11124569,0.043507809,0.005005784,-0.090699662,-0.135193601,-0.110907385,0.02827472,-0.101458279,-0.105234222,-0.009999641,-0.023718439,-0.026589372,-0.038236202,-0.140374985,-0.170695783,-0.219351746,-0.009719427
-0.113109155,-0.15736973,-0.014925367,-0.002781572,0.021890344,0.064193879,-0.019542825,-0.047163687,0.002517784,0.065839848,-0.159130916,0.022311174,-0.061807244,-0.049092697,-0.03794321,-0.045454321,-0.056710909,-0.110821306,0.14301134,0.008280155,0.154786264,-0.083068466,0.170403668,-0.069570714,-0.124976355,-0.115464315,-0.089587385,-0.108065676,-0.034866894,0.041663931,0.125296954,0.036222844,0.182699496,0.189418035,-0.207090278,-0.148571012,-0.147217701,-0.131252768,-0.12086053,0.064828217,0.168130524,0.053718407,-0.032431033,3.57186E-05,-0.131448812,-0.222512363,-0.182683959,-0.110356247,-0.105829167,-0.113580506,-0.048920577,-0.01831547
0.036595994,0.077648948,0.073790919,0.060776175,0.060245594,0.035502875,-0.006348292,0.045070604,0.032636193,0,-0.013207695,0.026586839,0.169757154,0.019652883,0.065477521,0.070725748,0.017135046,0.08415659,0.03537128,0,0.035296199,0.045507493,0.024177298,0.056844602,0.004462165,0.075152318,0.068567137,0.079976577,0.022814862,-0.213950835,-0.14211864,-0.037906645,-0.011181093,0.035923569,0.019169716,0.059023721,0.033355053,0.031663523,0.036142268,0.091437443,-0.245615956,0.051996949,-0.034780362,0.04167651,0.057552398,0.015730165,-0.038696819,-0.040644412,0.013081153,0.040651479,0.126726384,0.056389892
0.067392829,-0.268900052,-0.276223587,0.19278903,0.072972131,0.040208172,0.051617641,-0.146965424,-0.07811415,0.085073393,0.004457194,0.164210311,0.109149177,-0.096980142,-0.049443315,0.196124426,0.120709913,-0.063385464,-0.177201949,-0.013918521,0.041870818,-0.011298217,-0.189920032,-0.118229932,0.016056716,0.186119946,-0.001824923,0.029349308,-0.024100847,-0.084134353,-0.038396994,-0.098597253,0.010112454,-0.028257899,0.024552152,-0.08749248,-0.214297104,-0.059151744,0.049555993,-3.40313E-05,-0.067436973,0.0320669,-0.241390469,-0.365425529,-0.242134544,-0.072317517,-0.089204093,-0.223936458,-0.133030546,-0.084890859,-0.076221533,-0.055708985
0.006250485,0.003633826,-0.075865283,0.013087686,0.017532387,-0.063038064,-0.067559827,-0.250631202,-0.046598301,-0.011710225,-0.015032233,-0.068386631,-0.060476492,-0.116300737,0.043932678,0.070571182,-0.131507014,-0.185293222,-0.14913369,-0.012982585,0.001019187,-0.075071665,-0.283817487,-0.089567579,-0.075128421,-0.014180951,-0.053227957,-0.103122238,-0.234603271,-0.050657633,-0.068626436,-0.044942642,-0.084706337,-0.179127861,-0.043522608,-0.121232876,-0.135015,-0.033083945,-0.178383396,-0.133510923,-0.142994776,-0.07525964,-0.036530677,-0.05602454,-0.142464828,-0.095341895,-0.081286453,-0.11539364,-0.181499611,-0.231402754,-0.050091641,-0.109103008
0.030924707,-0.220545511,-0.120085717,-0.006999551,-0.036115939,0.070121625,-0.013529685,-0.000168037,0.043395132,0.007578682,-0.065296378,0.09036464,-0.146971446,-0.01735037,-0.072156678,-0.009546571,0.024185636,-0.081927648,0.033029058,0.008654766,-0.059358714,0.113966134,-0.153708982,-0.026401212,-0.161471755,0.016741303,-0.015577356,0.001048217,-0.110206565,-0.205521935,0.037133674,0.103680299,-0.049804898,-0.235157958,-0.117575977,-0.223519616,-0.101873682,-0.067090899,-0.117640519,-0.059335833,-0.200929719,-0.10334295,0.166217279,-0.212519519,-0.101324729,-0.15531209,-0.249110905,-0.235594629,-0.055176826,-0.192055645,-0.281569161,-0.059512572
-0.140346937,-0.08593482,-0.120837283,-0.081105278,-0.046903477,-0.069397332,-0.039054889,-0.054044168,-0.002556215,-0.075044126,-0.135598721,-0.102724993,-0.094402891,-0.117007712,-0.106658077,-0.061957133,-0.038843877,-0.027261023,-0.024914773,-0.035038382,-0.036130009,-0.083591201,-0.118695225,-0.115895009,-0.176266461,-0.08953468,-0.06370621,-0.056041713,-0.025050276,-0.079469929,-0.094918462,-0.079401592,-0.14442203,0.003611044,-0.087900902,-0.121464208,-0.103744357,-0.107632847,-0.093900236,-0.122493399,-0.032398962,-0.033367742,-0.196618833,-0.033287798,-0.144103141,-0.192261525,-0.183084401,-0.145013326,-0.211090114,-0.217866575,-0.1490472,-0.088863239
-0.067799478,-0.115464285,-0.068037183,0.037075876,-0.015823474,-0.069798351,-0.098177258,0.009756015,0.057651358,0.027498618,-0.041877995,-0.013211549,-0.118959343,-0.106544747,-0.029569506,-0.06538888,-0.037409721,-0.05613016,0.005268228,0.011711443,0.042472674,-0.008804058,-0.154543024,-0.273805984,-0.218161705,-0.067483006,-0.056908849,-0.101089493,-0.147813124,-0.086658724,-0.035499741,-0.044460073,-0.19587598,-0.208473923,-0.201981585,-0.160468035,-0.077780938,-0.139695368,-0.088312729,-0.102863488,-0.065355779,-0.161269831,-0.146335558,-0.182293641,-0.165802427,-0.293800892,-0.054954946,-0.027195127,-0.165093012,-0.059381076,-0.100855574,-0.143299913
-0.133466496,-0.130710977,-0.179278852,-0.199751226,0.132820523,-0.090303576,-0.045038317,-0.052349117,-0.087403797,-0.027343371,0.097646894,-0.217078157,-0.223453893,-0.060226839,-0.126016109,-0.097462137,-0.106765852,0.03508671,-0.050672671,-0.045532379,-0.008580488,-0.030828892,-0.115134696,0.022774031,-0.177208119,-0.218091265,-0.159826635,0.015258517,0.084188987,0.057450586,-0.01889197,0.067484703,-0.162515975,0.036409211,-0.109004728,-0.115289655,-0.289896874,-0.059845338,-0.019961171,0.051205162,0.020567537,0.008556938,0.072554899,0.087164796,-0.092807041,-0.252980611,-0.031955711,-0.046104881,-0.101816724,0.001301311,0.135913608,0.071174795
-0.050235905,-0.075226949,-0.10538307,0.069801488,0.010075359,0.037635093,0.022703357,0.066305952,-0.07173174,0.078160144,-0.075544144,-0.092156803,-0.04924867,-0.034225202,0.047597359,0.013015987,0.091271945,0.079601049,0.016492741,0.005412166,0.136881856,-0.126450706,0,-0.030455191,0.004442759,0.032298059,-0.04891999,0.045899168,0.025123068,-0.049399124,0.052431077,-0.032253336,-0.291198235,-0.099558539,0.039656454,-0.03863278,-0.073803928,-0.059854438,0.058321365,-0.003795605,-0.126438489,-0.049000262,-0.057597543,-0.258116096,-0.017897132,0.074334658,-0.035056527,-0.173121586,0.02093973,-0.05783581,-0.150816166,-0.241796373
0.038714911,0.049861231,-0.018884425,0,0.204107948,-0.06757348,0.002856518,-0.330064383,-0.147805078,0.105799374,0.038980721,-0.033602228,-0.096051518,0,-0.006272119,0.081609674,-0.010519089,-0.010694939,-0.272984631,0.030191229,0.023418737,-0.00367484,-0.061920087,-0.140645543,-0.035625634,0.06351477,0.00018309,-0.082606585,-0.064992896,-0.130973364,-0.04266264,-0.014975623,-0.01770184,-0.008637364,-0.017717612,-0.034834151,0.028310654,0.090388134,-0.052050212,-0.108630374,-0.075619665,-0.088209753,0.040448448,0.089478728,-0.06647246,0.001724075,0.080625171,0.291143532,0.009265148,-0.071951867,-0.261991913,-0.025704207
-0.030027007,-0.010092991,0.002752042,0.041739201,0.048119627,-0.029761985,-0.043359969,0.059736971,0.062131276,-0.014671496,-0.088477784,-0.069184005,-0.086667421,-0.0399833,-0.002057822,-0.009192188,0.024899642,-0.0246691,-0.013726909,-0.03512471,-0.071265538,-0.02502103,-0.05345402,-0.041641049,-0.03352996,0.015329112,0.032668879,-0.026754871,-0.030590995,-0.004222445,-0.022590719,-0.082932662,-0.000501845,-0.161386621,0.000500569,0.008012663,0.061181184,0.03734003,0.018782086,0.043580248,0.068768049,-0.007071046,0.019334173,0.027524724,0.039903879,0.017772127,0.024256942,0.02343275,-0.080331654,-0.02241693,0.107401823,0.063073787
0.051197335,-0.026812598,-0.013083157,0.032497634,-0.0338611,-0.028924218,-0.011174234,0.040993349,-0.134789649,0.054826405,-0.023387375,-0.077630866,-0.046018689,-0.007964801,-0.013671264,-0.115601523,-0.050389961,0.031489561,-0.052387819,-0.059667464,0.009690826,-0.075848537,-0.115835209,-0.013248094,-0.04083547,0.00589311,-0.073834873,-0.040526262,0.0527409,-0.173558982,-0.063887834,0.016921213,-0.090363878,-0.10261914,-0.063319259,-0.064433411,-0.202493231,-0.106482788,0.075809773,-0.200156362,-0.068707288,-0.087946643,-0.026654223,-0.009748855,0.013807375,-0.080860191,-0.199194554,-0.31896075,-0.216534046,-0.11496049,-0.145725317,-0.037001414
0.005694728,-0.201172644,-0.102289877,0.013236112,0.04234264,0.053959899,0.000138493,-0.012922035,0.002022639,0.049218764,0.079517998,0.043072725,-0.168556441,-0.02566824,0.045083922,0.056125092,0.073720747,-0.057593374,0.043060647,0.085251112,0.052805984,0.122967116,-0.010381849,0.030604407,0.079833065,0.045718845,0.042772694,0.022864643,0.005101668,0.078261005,0.072104062,0.03306289,-0.068774292,0.003930958,0.099249552,0.093719848,0.033457749,-0.005749033,0.04171963,0.078042137,0.050679139,0.095760002,0.057098166,-0.028879174,-0.025209231,0.064421842,0.019057033,0.032170311,-0.013967435,0.094718932,0.105933622,0.043528701
-0.011421397,-0.047506722,-0.027573101,-0.044178005,-0.025756739,0.039554523,0.097906526,0.00082711,-0.011614954,0.043790026,0.00538224,0.088189388,0.026001205,0.06882517,0.027330669,0.2206704,-0.046483243,0.095608961,0.098402402,0.088267323,0.03185898,0.009346009,-0.04928929,0.021092511,-0.008675697,0.037210566,0.075593624,0.018799582,0.047718672,0.079671782,0.059140668,-0.012439243,-0.126782326,-0.219872439,-0.01303373,0.040006302,0.06722194,0.015710982,0.089007797,-0.006971538,0.011504468,0.041523907,-0.127815003,-0.251140155,-0.28131033,0.08209846,0.052638526,0.136668512,0.060431938,0.062710615,-0.220830588,-0.123143775
-0.073459066,-0.021173982,-0.142094664,-0.033330917,-0.05019223,0.043784664,0.007168711,0.097700645,-0.041399878,-0.024437949,-0.087062149,0.046521581,-0.1319554,-0.152885769,-0.106441031,-0.107500967,-0.04802818,-0.047809124,-0.037528702,0.001268773,-0.053092014,-0.041427737,0.080568879,-0.047116468,-0.189240303,-0.148039584,-0.134451792,-0.168914659,-0.17966025,0.030589236,0.050262825,0.011627602,0.014648432,0.134553386,-0.117758294,-0.154598098,-0.260359169,-0.098993187,-0.129780834,-0.013395137,0.091158746,0.057700452,0.03138158,0.031047666,-0.014053672,-0.208080792,-0.24395896,-0.158885729,-0.184506942,-0.142342823,0.069912621,0.04795605
-0.083172716,-0.124319505,-0.077072783,-0.046204379,0.03930002,-0.092117201,-0.049974767,0.003839017,-0.022429137,-0.04032776,-0.041657946,-0.22651863,-0.340511507,-0.0685307,-0.057870341,-0.046962754,-0.153862156,-0.024838151,-0.054488681,-0.081388096,-0.085241418,-0.057173493,-0.231631292,-0.155119431,-0.046211573,-0.005647258,-0.03647973,0.002973365,-0.061632483,-0.137686027,-0.144973552,0.012751996,-0.26625359,-0.160543918,0.011693469,-0.09772772,-0.032468569,0.088080653,-0.017004699,-0.122176121,-0.111995102,-0.248230997,-0.252702781,-0.385926971,-0.337185895,-0.121831141,-0.097398975,-0.042898033,0.021757699,-0.069097527,-0.257064625,-0.192657752
0.117426552,0.054070241,0.115690015,0.046278215,0.057013435,0.039425833,0.065584299,0.026393917,-0.010376611,0.00904147,0.068970268,0.222423018,0.065621251,0.085244652,0.118011544,0.043013716,0.131120803,-0.001772846,0.053873193,0.118499181,0.00704539,0.31724886,0.222914506,0.114697204,0.039528464,0.130440421,0.038732496,0.127347956,0.103528861,0.119051728,0.112446155,0.162360076,0.147137197,0.298356207,0.079758319,0.02604913,0.046963211,0.066020573,0.143016438,0.135600057,0.08707396,0.104545006,0.199106868,0.233414288,0.193788987,0.023454948,0.00192483,-0.032791113,-0.00445204,0.114164339,0.242621514,0.074330554
-0.027390382,0.078558671,0.069663602,0.111995471,0.070011863,0.1128321,0.135413289,0.079314759,0.095238021,0.119677137,-0.041443164,0.006431026,0.105281081,0.097750102,0.133165662,0.146829421,0.184953603,0.137823662,0.050303387,-0.077506969,0.068668686,-0.02484532,-0.036299349,0.125404255,0.193203959,0.130185646,0.177861266,0.16737127,0.085258998,-0.138191645,-0.142240322,-0.125781463,0.008208011,0.052304072,0.188487975,0.173474148,0.15846771,0.20478685,0.126147099,-0.074933959,-0.215894893,-0.191141074,-0.100009386,-0.164285089,0.127035857,0.149569577,0.142201121,0.187827557,0.217611159,-0.06835442,-0.304597543,-0.139801294
0.014583249,0.017618602,0.00473443,-0.098381157,-0.044838169,-0.029017713,-0.04562188,-0.342309761,-0.224274667,-0.016317412,-0.021828015,-0.014469891,0.027467686,0.005444565,-0.049219782,-0.090211045,0.028460501,-0.006212575,-0.286351792,0.014301972,-0.03400209,-0.04268939,-0.124158212,0.005370918,-0.018389706,-0.045928021,0.008351974,0.000675611,-0.028663889,-0.013156072,-0.0058443,-0.02636617,0.160623833,0.060716331,0.00621457,0.046651784,0.101739438,0.080094022,0.00547374,0.220686844,0.014499414,0.088328567,0.076990792,0.043992881,0.025941241,0.023738441,0.05680023,0.032605865,0.025273202,0.108530744,0.184090603,0.057976204
0.096720556,-0.157107625,-0.175698433,-0.032738113,0.154073193,-0.01106728,-0.02570285,0.044485087,0.064199084,0.087767844,0.119388198,0.146008064,0.048858214,0.205898521,0.037985378,0.044906067,-0.013842079,0.033056685,0.044597401,0.078030495,0.093652501,0.104405738,0.125003891,0.12463373,0.131520884,0.060354491,0.072953747,0.162399917,0.081167839,0.090735856,0.110002145,0.086058764,0.122943689,0.073762237,0.076803051,0.017355524,0.115866437,0.061464333,0.089691491,0.090321286,0.047168807,0.029928461,0.028469946,0.084074099,0.097529773,0.044658403,0.072721724,0.09391878,0.046998275,0.085006822,-0.014759088,0.065403725
0.091961735,-0.157167539,-0.252581557,-0.135194796,-0.140258952,-0.207686725,-0.134360945,-0.107797587,-0.052874567,-0.057109259,0.067432983,0.075317328,-0.132154004,-0.08337214,-0.219077022,-0.119444767,-0.088720466,-0.087647389,-0.039060215,0.038049128,-0.115908626,0.084713404,0.061264184,0.00704975,-0.136118851,-0.09187634,0.002970827,-0.033405026,-0.035669227,0.032126741,0.001052318,0.042075237,0.107577451,0.056252224,-0.06984225,-0.021095463,0.058021919,0.075389947,-0.043772152,-0.141776883,0.109283588,0.059304304,0.161447531,0.045166956,-0.042323706,0.071857962,-0.042754849,0.085461699,-0.050120757,-0.108848996,0.215313203,0.088918598
0.136788241,-0.039796857,-0.017256772,0.133703452,0.057578166,0.033388165,0.101883119,0.11812416,0.080660759,0.113825312,0.007926215,0.116363344,-0.010210173,-0.014197551,0.135984553,0.027976167,0.109729562,0.098645373,-0.017105967,0.061187284,-0.010130015,0.175256188,0.304127283,0.045519126,0.087388729,-0.004424288,-0.023404514,0.032249123,0.00674552,0.074230087,0.061005804,0.118161835,0.18542497,0.200660375,0.068812083,0.034855933,-0.020652168,0.334802559,-0.142307472,0.015841089,0.109486928,0.066514839,0.112211418,0.203465411,0.05872725,-0.162754539,-0.085792452,-0.138642742,-0.094536698,0.022427839,0.241794661,0.197673743
-0.007802553,0.008158428,-0.123557072,0.106764873,-0.016913439,-0.001817816,-0.005763307,0.084341862,0.025643927,0.084565326,-0.040678215,0.064615735,-0.05820199,0.122718733,-0.028560746,0.020814145,0.044079527,-0.026448684,0.029098325,0.050662513,0.070662186,0.108829498,0.073702724,0.035614462,0.136537724,0.002378584,-0.00884878,0.013830191,0.006945773,0.082736003,0.045802397,0.036958081,0.062671353,-0.132375933,0.050122185,-0.012943429,-0.013947072,-0.027239521,0.026886266,0.05587291,0.027278377,0.010760516,0.163560265,0.024806902,-0.010438406,0.029237903,-0.028014269,-0.102685753,-0.002658167,0.042684555,-0.075200055,-0.054323367
0.000132578,-0.027954793,0.098427937,-0.011174541,0.008003649,-0.012326883,-0.140663258,0.021079695,0.002908863,0.012857711,-0.03660076,0.13982099,0.050346789,0.046443027,-0.052244663,0.004908982,-0.059171043,-0.052074887,0.02181433,0.009959825,-0.008668873,0.154546327,0.291412832,0.092840915,-0.013514869,-0.018796097,-0.049167645,-0.017405783,-0.00456234,0.105403897,0.059277941,0.126026479,0.302881614,0.529673029,0.118480538,0.00873632,-0.023811254,0.020751753,-0.013578186,0.0640503,0.058568819,0.074323443,0.230852928,0.639904585,0.315917152,0.068884247,0.049487016,0.055678469,0.077662912,-0.001303678,0.11848963,0.086238762
0.043279478,-0.101919805,-0.14311731,-0.16315123,-0.032258123,0.006032786,-0.051870292,-0.042829675,-0.059353598,0.013434171,0.024616577,-0.066571981,-0.236986422,-0.131462559,-0.064911352,0.023864991,0.024913806,0.036512238,0.106687183,-0.070740944,0.024478788,0.010483791,-0.081183885,-0.193470682,-0.034369584,0.057788642,0.021729706,-0.023824948,-0.00655428,0.046528109,-0.027946367,-0.045721546,-0.0336785,-0.294805541,-0.1096108,0.1172062,-0.016601029,0.120453542,-0.021316356,0.047466278,-0.01863741,-0.017031278,-0.097568584,-0.026410846,-0.230809472,-0.070172694,-0.133515373,0.02315524,0.083723175,-0.053216296,0.031608628,-0.04241447
-0.054210462,0.111656668,0.172775815,-0.070556451,-0.086545717,-0.017748341,-0.061686422,-0.140078198,-0.000900311,-0.051362658,-0.004538374,-0.040967243,0.005683351,-0.072607636,-0.119159028,-0.035080249,-0.063449963,-0.147132666,-0.110801037,-0.016863368,-0.170037646,-0.18379148,-0.045157586,-0.101687683,-0.259628152,-0.080059055,-0.091527758,-0.125900319,-0.147524649,-0.014300943,-0.10907726,-0.065082478,-0.183176357,-0.047148909,-0.158257298,-0.119693957,-0.089142857,-0.146915043,-0.086341393,0.034067152,0.061059363,-0.078949622,-0.165948826,-0.114857486,-0.088234517,-0.100729181,-0.15178051,-0.135688145,-0.134613433,-0.01235463,0.043331958,0.064407642
-0.349985487,-0.25183962,-0.133559662,0.161784294,0.022584249,0.041960324,0.033259147,0.13955434,0.108504219,0.041939786,-0.352556674,-0.258866929,-0.121146815,0.191055088,-0.020923324,0.012827617,0.046436422,0.025631421,0.160425543,-0.026455183,-0.142375237,-0.267256205,-0.262653175,-0.060970862,0.056441978,0.028240465,0.022074139,0.082863259,-0.078081268,-0.148513201,-0.341329943,-0.464591739,-0.222079933,-0.14887603,0.289826952,0.329224386,0.121986989,0.330297664,0.265237077,-0.334743925,-0.315817395,-0.424122956,-0.297665128,-0.079097545,0.275125647,0.460223952,0.250855931,0.373238827,0.422703629,-0.256181774,-0.543043179,-0.507370975
-0.048377365,-0.102813501,-0.16195939,-0.038498104,-0.0639926,-0.048106961,-0.061403804,-0.001438034,-0.007878496,-0.008948546,-0.053353476,-0.141770686,-0.173789434,-0.029394378,-0.119993407,-0.030295277,-0.029887502,-0.001187337,-0.048987966,0.259221858,0.006865398,-0.062963622,-0.174424892,-0.173941989,-0.066355634,-0.012830731,-0.041235473,0.043980944,0.045848151,0.258230758,0.332466529,0.041516018,-0.105886233,-0.146264883,-0.006844904,-0.070971271,0.053556816,-0.04300459,0.007928515,-0.036615605,0.377920491,0.044677386,-0.079334008,0.04922389,-0.110228302,-0.002037386,0.037973607,0.030775747,0.003756582,-0.0975347,-0.041031728,0.213840085
-0.016698345,-0.014469786,-0.045310035,0.029520753,0.01206459,-0.060116213,-0.098165108,-0.023734048,-0.128377192,-0.109223005,0.047626628,0.030884544,-0.021851289,-0.168957029,0.011697098,-0.057540621,0.075210111,-0.008947067,-0.05218224,0.053725479,0.002822215,0.035919067,-0.073029979,-0.135803107,-0.183842739,-0.066471777,-0.096713357,0.005593666,-0.043675496,0.044321672,0.132304065,0.239518599,0.051085843,-0.172249922,-0.163243448,-0.357597194,-0.010697883,-0.28151543,0.000960075,0.080529024,0.020671238,0.031887119,0.054555689,-0.065134169,-0.073994907,-0.302989259,-0.763062759,-0.579678401,-0.247631741,0.113563841,-0.012931696,0.091034114
0.032673703,0.145209361,0.164256505,0.160158167,0.063977951,0.05271516,0.091910266,0.05929146,0.042198173,0.019436413,-0.000912791,-0.212336042,-0.249668596,0.087755812,0.034696037,0.043093827,0.033019957,0.09846101,-0.015547525,0.023646358,0.03523297,-0.212394471,-0.387620394,-0.188643338,0.038276489,-0.017829213,0.023010315,-0.000209364,0.028054643,0.035221101,0.037472291,-0.171340222,-0.293160045,-0.329015541,0.041413293,0.011797487,0.042666174,-0.014139505,0.034531724,0.009153701,0.020053947,0.037785544,-0.252544903,-0.22366178,-0.185863656,0.022786733,-0.00568864,0.026818731,0.008956518,0.030010806,-0.063239812,0.029500137
0.31181463,0.689956301,0.15518888,-0.065149632,-0.064131611,0.041547327,0.045963097,0.02755415,-0.067706199,-0.105478043,-0.026517489,0.526519599,0.237183882,-0.006380412,-0.079655914,-0.172016008,-0.057052818,-0.013223323,-0.068204102,-0.077139573,-0.128928016,-0.04488933,-0.066688368,-0.077472249,-0.065659416,-0.058706703,-0.064134866,-0.049426919,-0.074992556,-0.106225627,-0.099275968,-0.054860586,-0.024892142,-0.015184264,-0.097074492,-0.023678618,-0.106150478,-0.028740085,-0.003550919,-0.173085173,-0.090334036,-0.046192721,-0.036962483,-0.016357225,-0.011128179,0.009114695,-0.080948075,-0.098555061,-0.078675421,-0.003085137,-0.027466749,-0.085673262
0.124903162,0.254078722,0.038567025,0.104658237,0.053967608,0.019647526,0.027196506,0.076043151,0.243918894,0.141831763,0.044151735,-0.019786975,0.0231982,0.117433187,0.051439959,0.014981991,0.008583569,0.04033142,0.169644768,0.15007928,0.119901285,-0.075235216,0.009167874,0.031604948,0.111549317,0.025186401,0.016199895,0.012363106,0.101248827,0.028284452,0.13136328,-0.048828389,0.033299384,0.025517484,-0.120450146,-0.056464067,0.032275041,-0.000399632,0.069013733,0.070150802,-0.013273408,0.183662972,-0.070050084,-0.074262421,-0.045312381,-0.076076577,-0.005849694,0.000429409,-0.01720192,0.01190426,0.045541802,0.046316337
0.049934157,0.019618963,-0.021316686,-0.017451042,0.002548572,0.027730755,0.006450937,0.016304129,0.036204881,0.019160368,0.04451989,0.073900582,-0.01052389,-0.027209394,0.012417842,0.00627307,0.039921966,-0.047030871,-0.022501826,-0.090644418,-0.028953504,0.223569061,0.065597241,-0.031247515,-0.081132169,-0.063809279,0.007525199,-0.000717192,-0.060073177,-0.093706021,-0.048678155,0.141998703,0.11276917,-0.059955498,-0.042969722,-0.123831289,-0.08412517,-0.051124053,-0.077053026,-0.092626974,-0.003999406,-0.038979456,-0.014429558,0.040724431,-0.041892086,-0.126538748,-0.04955114,-0.069927656,-0.120364625,-0.097672228,0.00229014,-0.010370396